l_english:
#Superregions
 russia_superregion: "Russia"
 russia_superregion_name: "Russia"
 russia_superregion_adj: "Russian"
 ruthenia_superregion: "Ruthenia"
 ruthenia_superregion_name: "Ruthenia"
 ruthenia_superregion_adj: "Ruthenian"
 ural_superregion: "Ural"
 ural_superregion_name: "Ural"
 ural_superregion_adj: "Uralic"
 central_asia_superregion: "Central Asia"
 central_asia_superregion_name: "Central Asia"
 central_asia_superregion_adj: "Central Asian"
 pontic_steppe_superregion: "Pontic Steppe"
 pontic_steppe_superregion_name: "Pontic Steppe"
 pontic_steppe_superregion_adj: "Pontic"
 caucasia_superregion: "Caucasia"
 caucasia_superregion_name: "Caucasia"
 caucasia_superregion_adj: "Caucasian"
 mesopotamia_superregion: "Mesopotamia"
 mesopotamia_superregion_name: "Mesopotamia"
 mesopotamia_superregion_adj: "Mesopotamian"
 levant_superregion: "Levant"
 levant_superregion_name: "Levant"
 levant_superregion_adj: "Levantine"
 austria_superregion: "Austria"
 austria_superregion_name: "Austria"
 austria_superregion_adj: "Austrian"
 balkans_superregion: "Balkans"
 balkans_superregion_name: "Balkans"
 balkans_superregion_adj: "Balkan"
 anatolia_superregion: "Anatolia"
 anatolia_superregion_name: "Anatolia"
 anatolia_superregion_adj: "Anatolian"
 irish_superregion: "Ireland"
 irish_superregion_name: "Ireland"
 irish_superregion_adj: "Irish"
 sicily_superregion: "Sicily"
 sicily_superregion_name: "Sicily"
 sicily_superregion_adj: "Sicilian"
 italy_superregion: "Italy"
 italy_superregion_name: "Italy"
 italy_superregion_adj: "Italian"
 switzerland_superregion: "Switzerland"
 switzerland_superregion_name: "Switzerland"
 switzerland_superregion_adj: "Swiss"
 carpathia_superregion: "Carpathia"
 carpathia_superregion_name: "Carpathia"
 carpathia_superregion_adj: "Carpathian"
 burgundian_superregion: "Lotharingia"
 burgundian_superregion_name: "Lotharingia"
 burgundian_superregion_adj: "Lotharingian"
 french_superregion: "France"
 french_superregion_name: "France"
 french_superregion_adj: "French"
 iberia_superregion: "Iberia"
 iberia_superregion_name: "Iberia"
 iberia_superregion_adj: "Iberian"
 bohemia_superregion: "Czechia"
 bohemia_superregion_name: "Czechia"
 bohemia_superregion_adj: "Czechian"
 poland_superregion: "Poland"
 poland_superregion_name: "Poland"
 poland_superregion_adj: "Polish"
 baltic_superregion: "Baltic"
 baltic_superregion_name: "Baltic"
 baltic_superregion_adj: "Baltic"
 lowlands_superregion: "Lowlands"
 lowlands_superregion_name: "Lowlands"
 lowlands_superregion_adj: "Lowlander"
 germanynorth_superregion: "North Germany"
 germanynorth_superregion_name: "North Germany"
 germanynorth_superregion_adj: "North German"
 germanysouth_superregion: "South Germany"
 germanysouth_superregion_name: "South Germany"
 germanysouth_superregion_adj: "South German"
 british_isles_superregion: "Britain"
 british_isles_superregion_name: "Britain"
 british_isles_superregion_adj: "British"
 africa_superregion: "Ifriqiya"
 africa_superregion_name: "Ifriqiya"
 africa_superregion_adj: "Ifriqiyan"
 maghreb_superregion: "Maghreb"
 maghreb_superregion_name: "Maghreb"
 maghreb_superregion_adj: "Maghrebi"
 scandinavia_superregion: "Scandinavia"
 scandinavia_superregion_name: "Scandinavia"
 scandinavia_superregion_adj: "Scandinavian"
#Regions
 sus_region: "Sus"
 sus_region_name: "Sus"
 sus_region_adj: "Susian"
 high_atlas_region: "High Atlas"
 high_atlas_region_name: "High Atlas"
 high_atlas_region_adj: "High Atlasian"
 gharb_region: "Gharb"
 gharb_region_name: "Gharb"
 gharb_region_adj: "Gharbian"
 middle_atlas_region: "Middle Atlas"
 middle_atlas_region_name: "Middle Atlas"
 middle_atlas_region_adj: "Middle Atlasian"
 rif_region: "Rif"
 rif_region_name: "Rif"
 rif_region_adj: "Rifian"
 tlemcen_region: "Tlemcen"
 tlemcen_region_name: "Tlemcen"
 tlemcen_region_adj: "Tlemcenian"
 kabylia_region: "Kabylia"
 kabylia_region_name: "Kabylia"
 kabylia_region_adj: "Kabylian"
 inner_algeria_region: "Inner Algeria"
 inner_algeria_region_name: "Inner Algeria"
 inner_algeria_region_adj: "Inner Algerian"
 inner_tunisia_region: "Inner Tunisia"
 inner_tunisia_region_name: "Inner Tunisia"
 inner_tunisia_region_adj: "Inner Tunisian"
 coastal_tunisia_region: "Coastal Tunisia"
 coastal_tunisia_region_name: "Coastal Tunisia"
 coastal_tunisia_region_adj: "Coastal Tunisian"
 coastal_libya_region: "Coastal Libya"
 coastal_libya_region_name: "Coastal Libya"
 coastal_libya_region_adj: "Coastal Libyan"
 inner_libya_region: "Inner Libya"
 inner_libya_region_name: "Inner Libya"
 inner_libya_region_adj: "Inner Libyan"
 inner_egypt_region: "Inner Egypt"
 inner_egypt_region_name: "Inner Egypt"
 inner_egypt_region_adj: "Inner Egyptian"
 middle_egypt_region: "Middle Egypt"
 middle_egypt_region_name: "Middle Egypt"
 middle_egypt_region_adj: "Middle Egyptian"
 lower_egypt_region: "Lower Egypt"
 lower_egypt_region_name: "Lower Egypt"
 lower_egypt_region_adj: "Lower Egyptian"
 outremer_region: "Outremer"
 outremer_region_name: "Outremer"
 outremer_region_adj: "Outremerian"
 cyprus_region: "Cyprus"
 cyprus_region_name: "Cyprus"
 cyprus_region_adj: "Cypriot"
 nabatea_region: "Nabatea"
 nabatea_region_name: "Nabatea"
 nabatea_region_adj: "Nabatean"
 arabia_region: "Arabia"
 arabia_region_name: "Arabia"
 arabia_region_adj: "Arabian"
 transjordan_region: "Transjordan"
 transjordan_region_name: "Transjordan"
 transjordan_region_adj: "Transjordanian"
 palestine_region: "Palestine"
 palestine_region_name: "Palestine"
 palestine_region_adj: "Palestinian"
 syria_region: "Syria"
 syria_region_name: "Syria"
 syria_region_adj: "Syrian"
 cilicia_region: "Cilicia"
 cilicia_region_name: "Cilicia"
 cilicia_region_adj: "Cilician"
 lower_mesopotamia_region: "Lower Mesopotamia"
 lower_mesopotamia_region_name: "Lower Mesopotamia"
 lower_mesopotamia_region_adj: "Lower Mesopotamian"
 assyria_region: "Assyria"
 assyria_region_name: "Assyria"
 assyria_region_adj: "Assyrian"
 al_jazira_region: "Al Jazira"
 al_jazira_region_name: "Al Jazira"
 al_jazira_region_adj: "Al Jaziran"
 sophene_region: "Sophene"
 sophene_region_name: "Sophene"
 sophene_region_adj: "Sophenean"
 corduene_region: "Corduene"
 corduene_region_name: "Corduene"
 corduene_region_adj: "Corduenean"
 chaldia_region: "Chaldia"
 chaldia_region_name: "Chaldia"
 chaldia_region_adj: "Chaldian"
 paphlagonia_region: "Paphlagonia"
 paphlagonia_region_name: "Paphlagonia"
 paphlagonia_region_adj: "Paphlagonian"
 opsikion_region: "Opsikion"
 opsikion_region_name: "Opsikion"
 opsikion_region_adj: "Opsikian"
 thrakesion_region: "Thrakesion"
 thrakesion_region_name: "Thrakesion"
 thrakesion_region_adj: "Thrakesian"
 kibyrraioton_region: "Kibyrraioton"
 kibyrraioton_region_name: "Kibyrraioton"
 kibyrraioton_region_adj: "Kibyrraiotian"
 cappadokia_region: "Cappadokia"
 cappadokia_region_name: "Cappadokia"
 cappadokia_region_adj: "Cappadokian"
 anatolikon_region: "Anatolikon"
 anatolikon_region_name: "Anatolikon"
 anatolikon_region_adj: "Anatolikian"
 phrygia_region: "Phrygia"
 phrygia_region_name: "Phrygia"
 phrygia_region_adj: "Phrygian"
 bukellarion_region: "Bukellarion"
 bukellarion_region_name: "Bukellarion"
 bukellarion_region_adj: "Bukellarian"
 charsianon_region: "Charsianon"
 charsianon_region_name: "Charsianon"
 charsianon_region_adj: "Charsianian"
 khwarezmia_region: "Khwarezmia"
 khwarezmia_region_name: "Khwarezmia"
 khwarezmia_region_adj: "Khwarezmian"
 kazakhstan_region: "Kazakhstan"
 kazakhstan_region_name: "Kazakhstan"
 kazakhstan_region_adj: "Kazakhstani"
 lower_volga_region: "Lower Volga"
 lower_volga_region_name: "Lower Volga"
 lower_volga_region_adj: "Lower Volgan"
 bashkiria_region: "Bashkiria"
 bashkiria_region_name: "Bashkiria"
 bashkiria_region_adj: "Bashkirian"
 tao_region: "Tao"
 tao_region_name: "Tao"
 tao_region_adj: "Taoan"
 azerbaijan_region: "Azerbaijan"
 azerbaijan_region_name: "Azerbaijan"
 azerbaijan_region_adj: "Azerbaijani"
 armenia_region: "Armenia"
 armenia_region_name: "Armenia"
 armenia_region_adj: "Armenian"
 hiberia_region: "Hiberia"
 hiberia_region_name: "Hiberia"
 hiberia_region_adj: "Hiberian"
 georgia_region: "Georgia"
 georgia_region_name: "Georgia"
 georgia_region_adj: "Georgian"
 dagestan_region: "Dagestan"
 dagestan_region_name: "Dagestan"
 dagestan_region_adj: "Dagestani"
 circassia_region: "Circassia"
 circassia_region_name: "Circassia"
 circassia_region_adj: "Circassian"
 crimea_region: "Crimea"
 crimea_region_name: "Crimea"
 crimea_region_adj: "Crimean"
 azov_region: "Azov"
 azov_region_name: "Azov"
 azov_region_adj: "Azovian"
 wild_fields_region: "Wild Fields"
 wild_fields_region_name: "Wild Fields"
 wild_fields_region_adj: "Wild"
 sloboda_region: "Sloboda"
 sloboda_region_name: "Sloboda"
 sloboda_region_adj: "Slobodan"
 lower_don_region: "Lower Don"
 lower_don_region_name: "Lower Don"
 lower_don_region_adj: "Lower Donian"
 khopyor_region: "Khopyor"
 khopyor_region_name: "Khopyor"
 khopyor_region_adj: "Khopyorian"
 kazan_region: "Kazan"
 kazan_region_name: "Kazan"
 kazan_region_adj: "Kazani"
 mordovia_region: "Mordovia"
 mordovia_region_name: "Mordovia"
 mordovia_region_adj: "Mordovian"
 perm_region: "Perm"
 perm_region_name: "Perm"
 perm_region_adj: "Permian"
 vologda_region: "Vologda"
 vologda_region_name: "Vologda"
 vologda_region_adj: "Vologdan"
 north_karelia_region: "North Karelia"
 north_karelia_region_name: "North Karelia"
 north_karelia_region_adj: "North Karelian"
 finland_region: "Finland"
 finland_region_name: "Finland"
 finland_region_adj: "Finnish"
 austlandet_region: "Viken"
 austlandet_region_name: "Viken"
 austlandet_region_adj: "Vikener"
 vestlandet_region: "Norge"
 vestlandet_region_name: "Norge"
 vestlandet_region_adj: "Norwegian"
 gotaland_region: "Götaland"
 gotaland_region_name: "Götaland"
 gotaland_region_adj: "Götalander"
 svealand_region: "Svealand"
 svealand_region_name: "Svealand"
 svealand_region_adj: "Svealander"
 uppland_region: "Uppland"
 uppland_region_name: "Uppland"
 uppland_region_adj: "Upplander"
 scandinavia_region: "Småland"
 scandinavia_region_name: "Småland"
 scandinavia_region_adj: "Smålander"
 estonia_region: "Estonia"
 estonia_region_name: "Estonia"
 estonia_region_adj: "Estonian"
 livonia_region: "Livonia"
 livonia_region_name: "Livonia"
 livonia_region_adj: "Livonian"
 siveria_region: "Siveria"
 siveria_region_name: "Siveria"
 siveria_region_adj: "Siverian"
 kryvia_region: "Kryvia"
 kryvia_region_name: "Kryvia"
 kryvia_region_adj: "Kryvian"
 rostov_region: "Rostov"
 rostov_region_name: "Rostov"
 rostov_region_adj: "Rostovian"
 smolensk_region: "Smolensk"
 smolensk_region_name: "Smolensk"
 smolensk_region_adj: "Smolenskian"
 vladimir_region: "Vladimir"
 vladimir_region_name: "Vladimir"
 vladimir_region_adj: "Vladimirian"
 kursk_region: "Kursk"
 kursk_region_name: "Kursk"
 kursk_region_adj: "Kurskian"
 oka_region: "Oka"
 oka_region_name: "Oka"
 oka_region_adj: "Okan"
 ryazan_region: "Ryazan"
 ryazan_region_name: "Ryazan"
 ryazan_region_adj: "Ryazanian"
 novgorod_region: "Novgorod"
 novgorod_region_name: "Novgorod"
 novgorod_region_adj: "Novgorodian"
 south_karelia_region: "South Karelia"
 south_karelia_region_name: "South Karelia"
 south_karelia_region_adj: "South Karelian"
 turovpinsk_region: "Pripyat"
 turovpinsk_region_name: "Pripyat"
 turovpinsk_region_adj: "Pripyatian"
 kiev_region: "Dnieper"
 kiev_region_name: "Dnieper"
 kiev_region_adj: "Dnieperian"
 polotsk_region: "Polotsk"
 polotsk_region_name: "Polotsk"
 polotsk_region_adj: "Polotskian"
 minsk_region: "White Ruthenia"
 minsk_region_name: "White Ruthenia"
 minsk_region_adj: "White Ruthenian"
 tirolia_region: "Further Austria"
 tirolia_region_name: "Further Austria"
 tirolia_region_adj: "Further Austrian"
 inneraustria_region: "Inner Austria"
 inneraustria_region_name: "Inner Austria"
 inneraustria_region_adj: "Inner Austrian"
 austria_region: "Austria Proper"
 austria_region_name: "Austria Proper"
 austria_region_adj: "Austrian Proper"
 carniola_region: "Krain"
 carniola_region_name: "Krain"
 carniola_region_adj: "Krainer"
 croatia_region: "Croatia"
 croatia_region_name: "Croatia"
 croatia_region_adj: "Croatian"
 dalmatian_region: "Illyria"
 dalmatian_region_name: "Illyria"
 dalmatian_region_adj: "Illyrian"
 bosnia_region: "Bosnia"
 bosnia_region_name: "Bosnia"
 bosnia_region_adj: "Bosnian"
 albania_region: "Albania"
 albania_region_name: "Albania"
 albania_region_adj: "Albanian"
 bulgaria_region: "Bulgaria"
 bulgaria_region_name: "Bulgaria"
 bulgaria_region_adj: "Bulgarian"
 bulgariasouth_region: "Rumelia"
 bulgariasouth_region_name: "Rumelia"
 bulgariasouth_region_adj: "Rumelian"
 serbia_region: "Serbia"
 serbia_region_name: "Serbia"
 serbia_region_adj: "Serbian"
 rashkan_region: "Rascia"
 rashkan_region_name: "Rascia"
 rashkan_region_adj: "Rascian"
 furthergreece_region: "Northern Greece"
 furthergreece_region_name: "Northern Greece"
 furthergreece_region_adj: "Northern Greek"
 macedonia_region: "Macedonia"
 macedonia_region_name: "Macedonia"
 macedonia_region_adj: "Macedonian"
 thrace_region: "Thrace"
 thrace_region_name: "Thrace"
 thrace_region_adj: "Thracian"
 greekislands_region: "Aegean Islands"
 greekislands_region_name: "Aegean Islands"
 greekislands_region_adj: "Aegean Islander"
 hellas_region: "Greece"
 hellas_region_name: "Greece"
 hellas_region_adj: "Greek"
 ireland_region: "Leinster"
 ireland_region_name: "Leinster"
 ireland_region_adj: "Leinsterian"
 westireland_region: "Connacht"
 westireland_region_name: "Connacht"
 westireland_region_adj: "Connachtian"
 northern_ireland_region: "Ulster"
 northern_ireland_region_name: "Ulster"
 northern_ireland_region_adj: "Ulsterian"
 mhumhain_region: "Munster"
 mhumhain_region_name: "Munster"
 mhumhain_region_adj: "Munsterian"
 campania_region: "Campania"
 campania_region_name: "Campania"
 campania_region_adj: "Campanian"
 apulia_region: "Apulia"
 apulia_region_name: "Apulia"
 apulia_region_adj: "Apulian"
 insular_region: "Sardinia"
 insular_region_name: "Sardinia"
 insular_region_adj: "Sardinian"
 sicilia_region: "Trinacria"
 sicilia_region_name: "Trinacria"
 sicilia_region_adj: "Trinacrian"
 lombardy_region: "Lombardy"
 lombardy_region_name: "Lombardy"
 lombardy_region_adj: "Lombard"
 liguria_region: "Liguria"
 liguria_region_name: "Liguria"
 liguria_region_adj: "Ligurian"
 treviso_region: "Veneto"
 treviso_region_name: "Veneto"
 treviso_region_adj: "Venetone"
 tuscany_region: "Tuscany"
 tuscany_region_name: "Tuscany"
 tuscany_region_adj: "Tuscan"
 piedmont_region: "Piedmont"
 piedmont_region_name: "Piedmont"
 piedmont_region_adj: "Piedmontese"
 romagna_region: "Romagna"
 romagna_region_name: "Romagna"
 romagna_region_adj: "Romagnan"
 umbria_region: "Umbria"
 umbria_region_name: "Umbria"
 umbria_region_adj: "Umbrian"
 swisseast_region: "Schweiz"
 swisseast_region_name: "Schweiz"
 swisseast_region_adj: "Schweizerisch"
 swisswest_region: "Transjurania"
 swisswest_region_name: "Transjurania"
 swisswest_region_adj: "Transjuranian"
 wallachia_region: "Wallachia"
 wallachia_region_name: "Wallachia"
 wallachia_region_adj: "Wallachian"
 moldavia_region: "Moldavia"
 moldavia_region_name: "Moldavia"
 moldavia_region_adj: "Moldavian"
 transdanubia_region: "Transdanubia"
 transdanubia_region_name: "Transdanubia"
 transdanubia_region_adj: "Transdanubian"
 danubia_region: "Danubia"
 danubia_region_name: "Danubia"
 danubia_region_adj: "Danubian"
 alfold_region: "Alföld"
 alfold_region_name: "Alföld"
 alfold_region_adj: "Alföldian"
 transylvania_region: "Transylvania"
 transylvania_region_name: "Transylvania"
 transylvania_region_adj: "Transylvanian"
 slovakia_region: "Slovakia"
 slovakia_region_name: "Slovakia"
 slovakia_region_adj: "Slovak"
 provence_region: "Provence"
 provence_region_name: "Provence"
 provence_region_adj: "Provençal"
 dauphine_region: "Cisjurania"
 dauphine_region_name: "Cisjurania"
 dauphine_region_adj: "Cisjuranian"
 burgundy_region: "Burgundy"
 burgundy_region_name: "Burgundy"
 burgundy_region_adj: "Bourguignon"
 alsace_region: "Alsace"
 alsace_region_name: "Alsace"
 alsace_region_adj: "Alsatian"
 lorraine_region: "Lorraine"
 lorraine_region_name: "Lorraine"
 lorraine_region_adj: "Lorrainian"
 toulouse_region: "Languedoc"
 toulouse_region_name: "Languedoc"
 toulouse_region_adj: "Languedocian"
 auvergne_region: "Massif Central"
 auvergne_region_name: "Massif Central"
 auvergne_region_adj: "Massif Centralian"
 gascony_region: "Gascony"
 gascony_region_name: "Gascony"
 gascony_region_adj: "Gascon"
 champagne_region: "Champagne"
 champagne_region_name: "Champagne"
 champagne_region_adj: "Champenois"
 paris_region: "Île-de-France"
 paris_region_name: "Île-de-France"
 paris_region_adj: "Île-de-Francien"
 guyenne_region: "Guyenne"
 guyenne_region_name: "Guyenne"
 guyenne_region_adj: "Guyennais"
 angevin_region: "Anjou"
 angevin_region_name: "Anjou"
 angevin_region_adj: "Angevin"
 berrichon_region: "Berry"
 berrichon_region_name: "Berry"
 berrichon_region_adj: "Berrichon"
 brittany_region: "Brittany"
 brittany_region_name: "Brittany"
 brittany_region_adj: "Breton"
 normandy_region: "Normandy"
 normandy_region_name: "Normandy"
 normandy_region_adj: "Norman"
 aquitaine_region: "Aquitaine"
 aquitaine_region_name: "Aquitaine"
 aquitaine_region_adj: "Aquitinian"
 picard_region: "Picardy"
 picard_region_name: "Picardy"
 picard_region_adj: "Picard"
 catalunya_region: "Catalonia"
 catalunya_region_name: "Catalonia"
 catalunya_region_adj: "Catalan"
 aragon_region: "Aragon"
 aragon_region_name: "Aragon"
 aragon_region_adj: "Aragonese"
 castile_region: "Castille"
 castile_region_name: "Castille"
 castile_region_adj: "Castillian"
 leonese_region: "Leon"
 leonese_region_name: "Leon"
 leonese_region_adj: "Leonese"
 alentejo_region: "Alentejo"
 alentejo_region_name: "Alentejo"
 alentejo_region_adj: "Alentejan"
 beiras_region: "Beiras"
 beiras_region_name: "Beiras"
 beiras_region_adj: "Beirasian"
 basque_region: "Vasconia"
 basque_region_name: "Vasconia"
 basque_region_adj: "Vasconian"
 andalusia_region: "Andalucia"
 andalusia_region_name: "Andalucia"
 andalusia_region_adj: "Andalucian"
 toledan_region: "La Mancha"
 toledan_region_name: "La Mancha"
 toledan_region_adj: "La Manchan"
 valencian_region: "Valencia"
 valencian_region_name: "Valencia"
 valencian_region_adj: "Valencian"
 asturian_region: "Asturias"
 asturian_region_name: "Asturias"
 asturian_region_adj: "Asturian"
 bohemia_region: "Bohemia"
 bohemia_region_name: "Bohemia"
 bohemia_region_adj: "Bohemian"
 moravia_region: "Moravia"
 moravia_region_name: "Moravia"
 moravia_region_adj: "Moravian"
 malopolska_region: "Malopolska"
 malopolska_region_name: "Malopolska"
 malopolska_region_adj: "Malopolskan"
 mazovia_region: "Mazovia"
 mazovia_region_name: "Mazovia"
 mazovia_region_adj: "Mazovian"
 wielkopolska_region: "Wielkopolska"
 wielkopolska_region_name: "Wielkopolska"
 wielkopolska_region_adj: "Wielkopolskan"
 hinterpommern_region: "Hinterpommern"
 hinterpommern_region_name: "Hinterpommern"
 hinterpommern_region_adj: "Hinterpommerner"
 lusatia_region: "Lusatia"
 lusatia_region_name: "Lusatia"
 lusatia_region_adj: "Lusatian"
 silesia_region: "Silesia"
 silesia_region_name: "Silesia"
 silesia_region_adj: "Schlesian"
 halicia_region: "Galychia"
 halicia_region_name: "Galychia"
 halicia_region_adj: "Galychian"
 volhynia_region: "Volhynia"
 volhynia_region_name: "Volhynia"
 volhynia_region_adj: "Volhynian"
 podolia_region: "Podolia"
 podolia_region_name: "Podolia"
 podolia_region_adj: "Podolian"
 ostpreussen_region: "East Prussia"
 ostpreussen_region_name: "East Prussia"
 ostpreussen_region_adj: "East Prussian"
 westpreussen_region: "West Prussia"
 westpreussen_region_name: "West Prussia"
 westpreussen_region_adj: "West Prussian"
 curoniasemigallia_region: "Curonia"
 curoniasemigallia_region_name: "Curonia"
 curoniasemigallia_region_adj: "Curonian"
 latvian_region: "Latvia"
 latvian_region_name: "Latvia"
 latvian_region_adj: "Latvian"
 samogitian_region: "Samogitia"
 samogitian_region_name: "Samogitia"
 samogitian_region_adj: "Samogitian"
 lithuania_region: "Aukstaitia"
 lithuania_region_name: "Aukstaitia"
 lithuania_region_adj: "Aukstaitian"
 sudovia_region: "Dzukia"
 sudovia_region_name: "Dzukia"
 sudovia_region_adj: "Dzukian"
 luxemburg_region: "Est-Wallonie"
 luxemburg_region_name: "Est-Wallonie"
 luxemburg_region_adj: "Est-Wallon"
 wallonian_region: "Ouest-Wallonie"
 wallonian_region_name: "Ouest-Wallonie"
 wallonian_region_adj: "Ouest-Wallon"
 netherlands_region: "Netherlands"
 netherlands_region_name: "Netherlands"
 netherlands_region_adj: "Dutch"
 friesland_region: "Frisia"
 friesland_region_name: "Frisia"
 friesland_region_adj: "Frisian"
 saxony_region: "Upper Saxony"
 saxony_region_name: "Upper Saxony"
 saxony_region_adj: "Upper Saxon"
 thuringia_region: "Thuringia"
 thuringia_region_name: "Thuringia"
 thuringia_region_adj: "Thuringian"
 brandenburg_region: "Mittelmark"
 brandenburg_region_name: "Mittelmark"
 brandenburg_region_adj: "Mittelmarker"
 mecklenburg_region: "Mecklenburg"
 mecklenburg_region_name: "Mecklenburg"
 mecklenburg_region_adj: "Mecklenburger"
 holstein_region: "Slesvig-Holstein"
 holstein_region_name: "Slesvig-Holstein"
 holstein_region_adj: "Slesvig-Holsteinish"
 brunswick_region: "Eastphalia"
 brunswick_region_name: "Eastphalia"
 brunswick_region_adj: "Eastphalian"
 hesse_region: "Hesse"
 hesse_region_name: "Hesse"
 hesse_region_adj: "Hesser"
 westphalia_region: "Westphalia"
 westphalia_region_name: "Westphalia"
 westphalia_region_adj: "Westphalian"
 rhenish_region: "Rhineland"
 rhenish_region_name: "Rhineland"
 rhenish_region_adj: "Rhinelander"
 lowelb_region: "Lower Saxony"
 lowelb_region_name: "Lower Saxony"
 lowelb_region_adj: "Lower Saxon"
 baden_region: "Baden"
 baden_region_name: "Baden"
 baden_region_adj: "Badener"
 wurttemburg_region: "Lower Swabia"
 wurttemburg_region_name: "Lower Swabia"
 wurttemburg_region_adj: "Lower Swabian"
 palatinate_region: "Palatinate"
 palatinate_region_name: "Palatinate"
 palatinate_region_adj: "Palatine"
 bavaria_region: "Bavaria"
 bavaria_region_name: "Bavaria"
 bavaria_region_adj: "Bavarian"
 nordgau_region: "Nordgau"
 nordgau_region_name: "Nordgau"
 nordgau_region_adj: "Nordgauer"
 swabia_region: "Upper Swabia"
 swabia_region_name: "Upper Swabia"
 swabia_region_adj: "Upper Swabian"
 nurnburg_region: "Franconia"
 nurnburg_region_name: "Franconia"
 nurnburg_region_adj: "Franconian"
 scotland_region: "Scotland"
 scotland_region_name: "Scotland"
 scotland_region_adj: "Scottish"
 highlands_region: "Highlands"
 highlands_region_name: "Highlands"
 highlands_region_adj: "Highlander"
 northumbria_region: "Northumbria"
 northumbria_region_name: "Northumbria"
 northumbria_region_adj: "Northumbrian"
 midlands_region: "Midlands"
 midlands_region_name: "Midlands"
 midlands_region_adj: "Midlander"
 southwest_england_region: "Wessex"
 southwest_england_region_name: "Wessex"
 southwest_england_region_adj: "Wessexian"
 wales_region: "Wales"
 wales_region_name: "Wales"
 wales_region_adj: "Welsh"
 jutland_region: "Jutland"
 jutland_region_name: "Jutland"
 jutland_region_adj: "Jutlander"
 danishislands_region: "Zealand"
 danishislands_region_name: "Zealand"
 danishislands_region_adj: "Zealander"
 balticislands_region: "Baltic Islands"
 balticislands_region_name: "Baltic Islands"
 balticislands_region_adj: "Baltic Islander"
 skania_region: "Skania"
 skania_region_name: "Skania"
 skania_region_adj: "Skanian"
 southeast_england_region: "Essex"
 southeast_england_region_name: "Essex"
 southeast_england_region_adj: "Essexian"
#Areas
 guelmim_area: "Guelmim"
 guelmim_area_name: "Guelmim"
 guelmim_area_adj: "Guelmimi"
 draa_area: "Draa"
 draa_area_name: "Draa"
 draa_area_adj: "Draan"
 taroudant_area: "Taroudant"
 taroudant_area_name: "Taroudant"
 taroudant_area_adj: "Taroudanti"
 marrakesh_area: "Marrakesh"
 marrakesh_area_name: "Marrakesh"
 marrakesh_area_adj: "Marrakeshi"
 khouribga_area: "Khouribga"
 khouribga_area_name: "Khouribga"
 khouribga_area_adj: "Khouribgan"
 tadla_area: "Tadla"
 tadla_area_name: "Tadla"
 tadla_area_adj: "Tadlan"
 safi_area: "Safi"
 safi_area_name: "Safi"
 safi_area_adj: "Safian"
 jadida_area: "Jadida"
 jadida_area_name: "Jadida"
 jadida_area_adj: "Jadidan"
 rabat_area: "Rabat"
 rabat_area_name: "Rabat"
 rabat_area_adj: "Rabati"
 meknes_area: "Meknes"
 meknes_area_name: "Meknes"
 meknes_area_adj: "Meknesi"
 fez_area: "Fez"
 fez_area_name: "Fez"
 fez_area_adj: "Fezi"
 debdou_area: "Debdou"
 debdou_area_name: "Debdou"
 debdou_area_adj: "Debdoui"
 tangiers_area: "Tangiers"
 tangiers_area_name: "Tangiers"
 tangiers_area_adj: "Tangerine"
 tetouan_area: "Tetouan"
 tetouan_area_name: "Tetouan"
 tetouan_area_adj: "Tetouani"
 melilla_area: "Melilla"
 melilla_area_name: "Melilla"
 melilla_area_adj: "Melillan"
 oujda_area: "Oujda"
 oujda_area_name: "Oujda"
 oujda_area_adj: "Oujdan"
 oran_area: "Oran"
 oran_area_name: "Oran"
 oran_area_adj: "Orani"
 saida_area: "Saida"
 saida_area_name: "Saida"
 saida_area_adj: "Saidan"
 setif_area: "Setif"
 setif_area_name: "Setif"
 setif_area_adj: "Setifi"
 tebessa_area: "Tebessa"
 tebessa_area_name: "Tebessa"
 tebessa_area_adj: "Tebessan"
 sahara_oases: "Sahara Oases"
 sahara_oases_name: "Sahara Oases"
 sahara_oases_adj: "Saharan"
 kef_area: "Kef"
 kef_area_name: "Kef"
 kef_area_adj: "Kefi"
 kairouan_area: "Kairouan"
 kairouan_area_name: "Kairouan"
 kairouan_area_adj: "Kairouani"
 djerid_area: "Djerid"
 djerid_area_name: "Djerid"
 djerid_area_adj: "Djeridi"
 sousse_area: "Sousse"
 sousse_area_name: "Sousse"
 sousse_area_adj: "Soussean"
 mahdia_area: "Mahdia"
 mahdia_area_name: "Mahdia"
 mahdia_area_adj: "Mahdian"
 sirte_area: "Sirte"
 sirte_area_name: "Sirte"
 sirte_area_adj: "Sirtean"
 jufra_area: "Jufra"
 jufra_area_name: "Jufra"
 jufra_area_adj: "Jufran"
 alexandria_area: "Alexandria"
 alexandria_area_name: "Alexandria"
 alexandria_area_adj: "Alexandrian"
 damietta_area: "Damietta"
 damietta_area_name: "Damietta"
 damietta_area_adj: "Damiettan"
 aqaba_area: "Aqaba"
 aqaba_area_name: "Aqaba"
 aqaba_area_adj: "Aqaban"
 sinai_area: "Sinai"
 sinai_area_name: "Sinai"
 sinai_area_adj: "Sinaii"
 celesyria_area: "Celesyria"
 celesyria_area_name: "Celesyria"
 celesyria_area_adj: "Celesyrian"
 daraa_area: "Daraa"
 daraa_area_name: "Daraa"
 daraa_area_adj: "Daraai"
 kerak_area: "Kerak"
 kerak_area_name: "Kerak"
 kerak_area_adj: "Keraki"
 simeon_area: "Simeon"
 simeon_area_name: "Simeon"
 simeon_area_adj: "Simeonian"
 judea_area: "Judea"
 judea_area_name: "Judea"
 judea_area_adj: "Judean"
 galilee_area: "Galilee"
 galilee_area_name: "Galilee"
 galilee_area_adj: "Galilean"
 philistia_area: "Philistia"
 philistia_area_name: "Philistia"
 philistia_area_adj: "Philistine"
 homs_area: "Homs"
 homs_area_name: "Homs"
 homs_area_adj: "Homsi"
 idlib_area: "Idlib"
 idlib_area_name: "Idlib"
 idlib_area_adj: "Idlibi"
 teluch_area: "Teluch"
 teluch_area_name: "Teluch"
 teluch_area_adj: "Teluchian"
 antioch_area: "Antioch"
 antioch_area_name: "Antioch"
 antioch_area_adj: "Antiochean"
 tarsos_area: "Tarsos"
 tarsos_area_name: "Tarsos"
 tarsos_area_adj: "Tarsosian"
 seleukeia_area: "Seleukeia"
 seleukeia_area_name: "Seleukeia"
 seleukeia_area_adj: "Seleukeian"
 lebanon_area: "Lebanon"
 lebanon_area_name: "Lebanon"
 lebanon_area_adj: "Lebanese"
 tartus_area: "Tartus"
 tartus_area_name: "Tartus"
 tartus_area_adj: "Tartusian"
 cyprus_area: "Famagusta"
 cyprus_area_name: "Famagusta"
 cyprus_area_adj: "Famagustan"
 najaf_area: "Najaf"
 najaf_area_name: "Najaf"
 najaf_area_adj: "Najafi"
 baghdad_area: "Baghdad"
 baghdad_area_name: "Baghdad"
 baghdad_area_adj: "Baghdadi"
 dulaim_area: "Dulaim"
 dulaim_area_name: "Dulaim"
 dulaim_area_adj: "Dulaimi"
 zagros_area: "Zagros"
 zagros_area_name: "Zagros"
 zagros_area_adj: "Zagrosian"
 zab_area: "Zab"
 zab_area_name: "Zab"
 zab_area_adj: "Zabi"
 mosul_area: "Mosul"
 mosul_area_name: "Mosul"
 mosul_area_adj: "Mosuli"
 osrhoene_area: "Osrhoene"
 osrhoene_area_name: "Osrhoene"
 osrhoene_area_adj: "Osrhoenean"
 deir_ezzor_area: "Deir Ezzor"
 deir_ezzor_area_name: "Deir Ezzor"
 deir_ezzor_area_adj: "Deir Ezzorian"
 al_hasakah_area: "Al Hasakah"
 al_hasakah_area_name: "Al Hasakah"
 al_hasakah_area_adj: "Al Hasakahi"
 arzanene_area: "Arzanene"
 arzanene_area_name: "Arzanene"
 arzanene_area_adj: "Arzanenean"
 commagene_area: "Commagene"
 commagene_area_name: "Commagene"
 commagene_area_adj: "Commagenean"
 upper_armenia_area: "Upper Armenia"
 upper_armenia_area_name: "Upper Armenia"
 upper_armenia_area_adj: "Upper Armenian"
 mardin_area: "Mardin"
 mardin_area_name: "Mardin"
 mardin_area_adj: "Mardinian"
 maku_area: "Maku"
 maku_area_name: "Maku"
 maku_area_adj: "Makuan"
 sasun_area: "Sasun"
 sasun_area_name: "Sasun"
 sasun_area_adj: "Sasunian"
 vaspurakan_area: "Vaspurakan"
 vaspurakan_area_name: "Vaspurakan"
 vaspurakan_area_adj: "Vaspurakanian"
 taron_area: "Taron"
 taron_area_name: "Taron"
 taron_area_adj: "Taronian"
 van_area: "Van"
 van_area_name: "Van"
 van_area_adj: "Vanian"
 trebizond_area: "Trebizond"
 trebizond_area_name: "Trebizond"
 trebizond_area_adj: "Trapezuntine"
 polemonion_area: "Polemonion"
 polemonion_area_name: "Polemonion"
 polemonion_area_adj: "Polemonian"
 karin_area: "Karin"
 karin_area_name: "Karin"
 karin_area_adj: "Karinian"
 sinope_area: "Sinope"
 sinope_area_name: "Sinope"
 sinope_area_adj: "Sinopean"
 kastamone_area: "Kastamone"
 kastamone_area_name: "Kastamone"
 kastamone_area_adj: "Kastamonean"
 bithynia_area: "Bithynia"
 bithynia_area_name: "Bithynia"
 bithynia_area_adj: "Bithynian"
 optimaton_area: "Optimaton"
 optimaton_area_name: "Optimaton"
 optimaton_area_adj: "Optimatan"
 nikaia_area: "Nikaia"
 nikaia_area_name: "Nikaia"
 nikaia_area_adj: "Nikaian"
 mysia_area: "Mysia"
 mysia_area_name: "Mysia"
 mysia_area_adj: "Mysian"
 troas_area: "Troas"
 troas_area_name: "Troas"
 troas_area_adj: "Trojan"
 lydia_area: "Lydia"
 lydia_area_name: "Lydia"
 lydia_area_adj: "Lydian"
 ionia_area: "Ionia"
 ionia_area_name: "Ionia"
 ionia_area_adj: "Ionian"
 caria_area: "Caria"
 caria_area_name: "Caria"
 caria_area_adj: "Carian"
 doris_area: "Doris"
 doris_area_name: "Doris"
 doris_area_adj: "Doric"
 lycia_area: "Lycia"
 lycia_area_name: "Lycia"
 lycia_area_adj: "Lycian"
 pamphylia_area: "Pamphylia"
 pamphylia_area_name: "Pamphylia"
 pamphylia_area_adj: "Pamphylian"
 anemorion_area: "Anemorion"
 anemorion_area_name: "Anemorion"
 anemorion_area_adj: "Anemorian"
 lykandos_area: "Lykandos"
 lykandos_area_name: "Lykandos"
 lykandos_area_adj: "Lykandian"
 sebasteia_area: "Sebasteia"
 sebasteia_area_name: "Sebasteia"
 sebasteia_area_adj: "Sebasteian"
 koloneia_area: "Koloneia"
 koloneia_area_name: "Koloneia"
 koloneia_area_adj: "Koloneian"
 antitaurus_area: "Antitauros"
 antitaurus_area_name: "Antitauros"
 antitaurus_area_adj: "Antitaurosian"
 isauria_area: "Isauria"
 isauria_area_name: "Isauria"
 isauria_area_adj: "Isaurian"
 lycaonia_area: "Lykaonia"
 lycaonia_area_name: "Lykaonia"
 lycaonia_area_adj: "Lykaonian"
 tyana_area: "Tyana"
 tyana_area_name: "Tyana"
 tyana_area_adj: "Tyanian"
 parorea_area: "Parorea"
 parorea_area_name: "Parorea"
 parorea_area_adj: "Parorean"
 pisidia_area: "Pisidia"
 pisidia_area_name: "Pisidia"
 pisidia_area_adj: "Pisidian"
 kotiaeion_area: "Kotyaion"
 kotiaeion_area_name: "Kotyaion"
 kotiaeion_area_adj: "Kotyaian"
 amorion_area: "Amorion"
 amorion_area_name: "Amorion"
 amorion_area_adj: "Amorian"
 galatia_area: "Galatia"
 galatia_area_name: "Galatia"
 galatia_area_adj: "Galatian"
 ancyra_area: "Ankyra"
 ancyra_area_name: "Ankyra"
 ancyra_area_adj: "Ankyran"
 armeniakon_area: "Armeniakon"
 armeniakon_area_name: "Armeniakon"
 armeniakon_area_adj: "Armeniakian"
 chammanene_area: "Chammanene"
 chammanene_area_name: "Chammanene"
 chammanene_area_adj: "Chammanenean"
 komana_area: "Komana"
 komana_area_name: "Komana"
 komana_area_adj: "Komanan"
 transoxiana_area: "Transoxiana"
 transoxiana_area_name: "Transoxiana"
 transoxiana_area_adj: "Transoxianian"
 mangystau_area: "Mangystau"
 mangystau_area_name: "Mangystau"
 mangystau_area_adj: "Mangystauan"
 atyrau_area: "Atyrau"
 atyrau_area_name: "Atyrau"
 atyrau_area_adj: "Atyrauan"
 oral_area: "Oral"
 oral_area_name: "Oral"
 oral_area_adj: "Oralian"
 sarai_area: "Sarai"
 sarai_area_name: "Sarai"
 sarai_area_adj: "Saraian"
 orenburg_area: "Orynbor"
 orenburg_area_name: "Orynbor"
 orenburg_area_adj: "Orynborian"
 ufa_area: "Ufa"
 ufa_area_name: "Ufa"
 ufa_area_adj: "Ufan"
 kari_area: "Kari"
 kari_area_name: "Kari"
 kari_area_adj: "Karian"
 panaskerti_area: "Panaskerti"
 panaskerti_area_name: "Panaskerti"
 panaskerti_area_adj: "Panaskertian"
 shaki_area: "Layzan"
 shaki_area_name: "Layzan"
 shaki_area_adj: "Layzani"
 khachen_area: "Khachen"
 khachen_area_name: "Khachen"
 khachen_area_adj: "Khachenian"
 ganja_area: "Ganja"
 ganja_area_name: "Ganja"
 ganja_area_adj: "Ganjan"
 hayk_area: "Hayk"
 hayk_area_name: "Hayk"
 hayk_area_adj: "Haykian"
 syunik_area: "Syunik"
 syunik_area_name: "Syunik"
 syunik_area_adj: "Syunikian"
 lori_area: "Lori"
 lori_area_name: "Lori"
 lori_area_adj: "Lorian"
 gegham_area: "Gegham"
 gegham_area_name: "Gegham"
 gegham_area_adj: "Geghamian"
 hereti_area: "Hereti"
 hereti_area_name: "Hereti"
 hereti_area_adj: "Heretian"
 kakheti_area: "Kakheti"
 kakheti_area_name: "Kakheti"
 kakheti_area_adj: "Kakhetian"
 kartli_area: "Kartli"
 kartli_area_name: "Kartli"
 kartli_area_adj: "Kartlian"
 argveti_area: "Argveti"
 argveti_area_name: "Argveti"
 argveti_area_adj: "Argvetian"
 abkhazia_area: "Abkhazia"
 abkhazia_area_name: "Abkhazia"
 abkhazia_area_adj: "Abkhazian"
 derbent_area: "Derbent"
 derbent_area_name: "Derbent"
 derbent_area_adj: "Derbenti"
 lekia_area: "Lekia"
 lekia_area_name: "Lekia"
 lekia_area_adj: "Lekian"
 kumykia_area: "Kumykia"
 kumykia_area_name: "Kumykia"
 kumykia_area_adj: "Kumykian"
 chechnya_area: "Chechnya"
 chechnya_area_name: "Chechnya"
 chechnya_area_adj: "Chechen"
 alania_area: "Alania"
 alania_area_name: "Alania"
 alania_area_adj: "Alanian"
 kabardia_area: "Kabardia"
 kabardia_area_name: "Kabardia"
 kabardia_area_adj: "Kabardian"
 adygea_area: "Adyge"
 adygea_area_name: "Adyge"
 adygea_area_adj: "Adygean"
 abazin_area: "Abazin"
 abazin_area_name: "Abazin"
 abazin_area_adj: "Abazinian"
 shapsug_area: "Shapsug"
 shapsug_area_name: "Shapsug"
 shapsug_area_adj: "Shapsugian"
 cherson_area: "Cherson"
 cherson_area_name: "Cherson"
 cherson_area_adj: "Chersonian"
 taman_area: "Taman"
 taman_area_name: "Taman"
 taman_area_adj: "Tamanian"
 qirim_area: "Qirim"
 qirim_area_name: "Qirim"
 qirim_area_adj: "Qirimian"
 qale_area: "Qale"
 qale_area_name: "Qale"
 qale_area_adj: "Qalean"
 krasnodar_area: "Krasnodar"
 krasnodar_area_name: "Krasnodar"
 krasnodar_area_adj: "Krasnodarian"
 kuban_area: "Kuban"
 kuban_area_name: "Kuban"
 kuban_area_adj: "Kubanian"
 pryazovia_area: "Pryazovia"
 pryazovia_area_name: "Pryazovia"
 pryazovia_area_adj: "Pryazovian"
 maeotida_area: "Maeotida"
 maeotida_area_name: "Maeotida"
 maeotida_area_adj: "Maeotidan"
 budjak_area: "Budjak"
 budjak_area_name: "Budjak"
 budjak_area_adj: "Budjakian"
 poltava_area: "Poltava"
 poltava_area_name: "Poltava"
 poltava_area_adj: "Poltavan"
 oskol_area: "Oskol"
 oskol_area_name: "Oskol"
 oskol_area_adj: "Oskolian"
 donbass_area: "Donbass"
 donbass_area_name: "Donbass"
 donbass_area_adj: "Donbassian"
 sarkel_area: "Sarkel"
 sarkel_area_name: "Sarkel"
 sarkel_area_adj: "Sarkelian"
 terkin_area: "Terkin"
 terkin_area_name: "Terkin"
 terkin_area_adj: "Terkinian"
 luhansk_area: "Luhansk"
 luhansk_area_name: "Luhansk"
 luhansk_area_adj: "Luhanskian"
 yelan_area: "Yelan"
 yelan_area_name: "Yelan"
 yelan_area_adj: "Yelanian"
 uryup_area: "Uryup"
 uryup_area_name: "Uryup"
 uryup_area_adj: "Uryupian"
 karai_area: "Karai"
 karai_area_name: "Karai"
 karai_area_adj: "Karain"
 kama_area: "Kama"
 kama_area_name: "Kama"
 kama_area_adj: "Kaman"
 bolghar_area: "Bolghar"
 bolghar_area_name: "Bolghar"
 bolghar_area_adj: "Bolgharian"
 kargala_area: "Kargala"
 kargala_area_name: "Kargala"
 kargala_area_adj: "Kargalan"
 erzya_area: "Erzya"
 erzya_area_name: "Erzya"
 erzya_area_adj: "Erzyan"
 moksha_area: "Moksha"
 moksha_area_name: "Moksha"
 moksha_area_adj: "Mokshan"
 meshchera_area: "Meshchera"
 meshchera_area_name: "Meshchera"
 meshchera_area_adj: "Meshcheran"
 pyana_area: "Pyana"
 pyana_area_name: "Pyana"
 pyana_area_adj: "Pyanan"
 chuvashia_area: "Chuvashia"
 chuvashia_area_name: "Chuvashia"
 chuvashia_area_adj: "Chuvashian"
 mari_area: "Mari"
 mari_area_name: "Mari"
 mari_area_adj: "Marian"
 udmurtia_area: "Udmurtia"
 udmurtia_area_name: "Udmurtia"
 udmurtia_area_adj: "Udmurtian"
 ustyug_area: "Ustyug"
 ustyug_area_name: "Ustyug"
 ustyug_area_adj: "Ustyugian"
 vyatka_area: "Vyatka"
 vyatka_area_name: "Vyatka"
 vyatka_area_adj: "Vyatkan"
 nizhny_area: "Nizhny"
 nizhny_area_name: "Nizhny"
 nizhny_area_adj: "Nizhnian"
 kostroma_area: "Kostroma"
 kostroma_area_name: "Kostroma"
 kostroma_area_adj: "Kostroman"
 velsk_area: "Velsk"
 velsk_area_name: "Velsk"
 velsk_area_adj: "Velsk"
 vozhega_area: "Vozhega"
 vozhega_area_name: "Vozhega"
 vozhega_area_adj: "Vozhegan"
 veps_area: "Veps"
 veps_area_name: "Veps"
 veps_area_adj: "Vepsian"
 suomi_area: "Suomi"
 suomi_area_name: "Suomi"
 suomi_area_adj: "Suomian"
 uusimaa_area: "Uusimaa"
 uusimaa_area_name: "Uusimaa"
 uusimaa_area_adj: "Uusimaan"
 tavastia_area: "Tavastia"
 tavastia_area_name: "Tavastia"
 tavastia_area_adj: "Tavastian"
 kymenlaakso_area: "Kymenlaakso"
 kymenlaakso_area_name: "Kymenlaakso"
 kymenlaakso_area_adj: "Kymenlaaksan"
 vyborg_area: "Vyborg"
 vyborg_area_name: "Vyborg"
 vyborg_area_adj: "Vyborgian"
 kronoberg_area: "Kronoberg"
 kronoberg_area_name: "Kronoberg"
 kronoberg_area_adj: "Kronoberger"
 stockholm_area: "Stockholm"
 stockholm_area_name: "Stockholm"
 stockholm_area_adj: "Stockholmer"
 uppsala_area: "Uppsala"
 uppsala_area_name: "Uppsala"
 uppsala_area_adj: "Uppsalaer"
 sodermanland_area: "Södermanland"
 sodermanland_area_name: "Södermanland"
 sodermanland_area_adj: "Södermanlander"
 varmland_area: "Värmland"
 varmland_area_name: "Värmland"
 varmland_area_adj: "Värmlander"
 vastmanland_area: "Västmanland"
 vastmanland_area_name: "Västmanland"
 vastmanland_area_adj: "Västmanlander"
 dalarna_area: "Dalarna"
 dalarna_area_name: "Dalarna"
 dalarna_area_adj: "Dalarnaer"
 dalsland_area: "Dalsland"
 dalsland_area_name: "Dalsland"
 dalsland_area_adj: "Dalslander"
 vastergotland_area: "Västra Götaland"
 vastergotland_area_name: "Västra Götaland"
 vastergotland_area_adj: "Västra Götalander"
 ostergotland_area: "Östra Götaland"
 ostergotland_area_name: "Östra Götaland"
 ostergotland_area_adj: "Östra Götalander"
 telemark_area: "Telemark"
 telemark_area_name: "Telemark"
 telemark_area_adj: "Telemarker"
 rogaland_area: "Hördaland"
 rogaland_area_name: "Hördaland"
 rogaland_area_adj: "Hördalander"
 agder_area: "Agder"
 agder_area_name: "Agder"
 agder_area_adj: "Agderer"
 akershus_area: "Akershus"
 akershus_area_name: "Akershus"
 akershus_area_adj: "Akershuser"
 bohuslan_area: "Bohuslän"
 bohuslan_area_name: "Bohuslän"
 bohuslan_area_adj: "Bohusländer"
 oslo_area: "Vestfold"
 oslo_area_name: "Vestfold"
 oslo_area_adj: "Vestfolder"
 saaremaa_area: "Saaremaa"
 saaremaa_area_name: "Saaremaa"
 saaremaa_area_adj: "Saaremaan"
 laanemaa_area: "Läänemaa"
 laanemaa_area_name: "Läänemaa"
 laanemaa_area_adj: "Läänemaan"
 revala_area: "Revala"
 revala_area_name: "Revala"
 revala_area_adj: "Revalan"
 virumaa_area: "Virumaa"
 virumaa_area_name: "Virumaa"
 virumaa_area_adj: "Virumaan"
 tartu_area: "Tartu"
 tartu_area_name: "Tartu"
 tartu_area_adj: "Tartuan"
 jarva_area: "Järva"
 jarva_area_name: "Järva"
 jarva_area_adj: "Järvan"
 sakala_area: "Sakala"
 sakala_area_name: "Sakala"
 sakala_area_adj: "Sakalan"
 turaida_area: "Turaida"
 turaida_area_name: "Turaida"
 turaida_area_adj: "Turaidan"
 pereyaslavl_area: "Pereyaslavl"
 pereyaslavl_area_name: "Pereyaslavl"
 pereyaslavl_area_adj: "Pereyaslavlian"
 seversk_area: "Seversk"
 seversk_area_name: "Seversk"
 seversk_area_adj: "Severskian"
 opochka_area: "Opochka"
 opochka_area_name: "Opochka"
 opochka_area_adj: "Opochkan"
 luki_area: "Luki"
 luki_area_name: "Luki"
 luki_area_adj: "Lukian"
 toropets_area: "Toropets"
 toropets_area_name: "Toropets"
 toropets_area_adj: "Toropetsian"
 naporozhe_area: "Naporozhe"
 naporozhe_area_name: "Naporozhe"
 naporozhe_area_adj: "Naporozhean"
 ustyuzhna_area: "Ustyuzhna"
 ustyuzhna_area_name: "Ustyuzhna"
 ustyuzhna_area_adj: "Ustyuzhnan"
 rzhev_area: "Rzhev"
 rzhev_area_name: "Rzhev"
 rzhev_area_adj: "Rzhevian"
 vyazma_area: "Vyazma"
 vyazma_area_name: "Vyazma"
 vyazma_area_adj: "Vyazman"
 demena_area: "Demena"
 demena_area_name: "Demena"
 demena_area_adj: "Demenan"
 dorogobuzh_area: "Dorogobuzh"
 dorogobuzh_area_name: "Dorogobuzh"
 dorogobuzh_area_adj: "Dorogobuzhian"
 dmitrov_area: "Dmitrov"
 dmitrov_area_name: "Dmitrov"
 dmitrov_area_adj: "Dmitrovian"
 starodub_area: "Starodub"
 starodub_area_name: "Starodub"
 starodub_area_adj: "Starodubian"
 bryansk_area: "Bryansk"
 bryansk_area_name: "Bryansk"
 bryansk_area_adj: "Bryanskian"
 rylsk_area: "Rylsk"
 rylsk_area_name: "Rylsk"
 rylsk_area_adj: "Rylskian"
 obolensk_area: "Obolensk"
 obolensk_area_name: "Obolensk"
 obolensk_area_adj: "Obolenskian"
 mosalsk_area: "Mosalsk"
 mosalsk_area_name: "Mosalsk"
 mosalsk_area_adj: "Mosalskian"
 odoyev_area: "Odoyev"
 odoyev_area_name: "Odoyev"
 odoyev_area_adj: "Odoyevian"
 oryol_area: "Oryol"
 oryol_area_name: "Oryol"
 oryol_area_adj: "Oryolian"
 yelets_area: "Yelets"
 yelets_area_name: "Yelets"
 yelets_area_adj: "Yeletsian"
 pronsk_area: "Pronsk"
 pronsk_area_name: "Pronsk"
 pronsk_area_adj: "Pronskian"
 murom_area: "Murom"
 murom_area_name: "Murom"
 murom_area_adj: "Muromian"
 kolomna_area: "Kolomna"
 kolomna_area_name: "Kolomna"
 kolomna_area_adj: "Kolomnan"
 torzhok_area: "Torzhok"
 torzhok_area_name: "Torzhok"
 torzhok_area_adj: "Torzhokian"
 serafimovka_area: "Serafimovka"
 serafimovka_area_name: "Serafimovka"
 serafimovka_area_adj: "Serafimovkan"
 parfino_area: "Parfino"
 parfino_area_name: "Parfino"
 parfino_area_adj: "Parfinoan"
 okhona_area: "Okhona"
 okhona_area_name: "Okhona"
 okhona_area_adj: "Okhonan"
 neva_area: "Neva"
 neva_area_name: "Neva"
 neva_area_adj: "Nevan"
 ingria_area: "Ingria"
 ingria_area_name: "Ingria"
 ingria_area_adj: "Ingrian"
 ladoga_area: "Ladoga"
 ladoga_area_name: "Ladoga"
 ladoga_area_adj: "Ladogan"
 ivangorod_area: "Ivangorod"
 ivangorod_area_name: "Ivangorod"
 ivangorod_area_adj: "Ivangorodian"
 crete_area: "Crete"
 crete_area_name: "Crete"
 crete_area_adj: "Cretan"
 huesca_area: "Huesca"
 huesca_area_name: "Huesca"
 huesca_area_adj: "Huescan"
 huelva_area: "Huelva"
 huelva_area_name: "Huelva"
 huelva_area_adj: "Huelvan"
 rioja_area: "Rioja"
 rioja_area_name: "Rioja"
 rioja_area_adj: "Riojan"
 ourense_area: "Orense"
 ourense_area_name: "Orense"
 ourense_area_adj: "Orensian"
 palencia_area: "Palencia"
 palencia_area_name: "Palencia"
 palencia_area_adj: "Palencian"
 malaga_area: "Málaga"
 malaga_area_name: "Málaga"
 malaga_area_adj: "Málagan"
 extremadura_region: "Extremadura"
 extremadura_region_name: "Extremadura"
 extremadura_region_adj: "Extremaduran"
 tyrconnell_area: "Tyrconnell"
 tyrconnell_area_name: "Tyrconnell"
 tyrconnell_area_adj: "Tyrconnellian"
 mhumhain_area: "Thomond"
 mhumhain_area_name: "Thomond"
 mhumhain_area_adj: "Thomondian"
 desmond_area: "Desmond"
 desmond_area_name: "Desmond"
 desmond_area_adj: "Desmondian"
 turov_area: "Turov"
 turov_area_name: "Turov"
 turov_area_adj: "Turovian"
 pinsk_area: "Pinsk"
 pinsk_area_name: "Pinsk"
 pinsk_area_adj: "Pinskian"
 brest_area: "Brest"
 brest_area_name: "Brest"
 brest_area_adj: "Brestian"
 melnik_area: "Melnik"
 melnik_area_name: "Melnik"
 melnik_area_adj: "Melnikian"
 polotsk_area: "Polock"
 polotsk_area_name: "Polock"
 polotsk_area_adj: "Polockian"
 pskov_area: "Pskov"
 pskov_area_name: "Pskov"
 pskov_area_adj: "Pskovian"
 minsk_area: "Minsk"
 minsk_area_name: "Minsk"
 minsk_area_adj: "Minskian"
 barysaw_area: "Barysaw"
 barysaw_area_name: "Barysaw"
 barysaw_area_adj: "Barysawian"
 vitebsk_area: "Vitebsk"
 vitebsk_area_name: "Vitebsk"
 vitebsk_area_adj: "Vitebskian"
 mogilev_area: "Mogilev"
 mogilev_area_name: "Mogilev"
 mogilev_area_adj: "Mogilevian"
 mazyr_area: "Mazyr"
 mazyr_area_name: "Mazyr"
 mazyr_area_adj: "Mazyrian"
 kiev_area: "Kiev"
 kiev_area_name: "Kiev"
 kiev_area_adj: "Kievan"
 letychiv_area: "Letychiv"
 letychiv_area_name: "Letychiv"
 letychiv_area_adj: "Letychivian"
 chernobyl_area: "Chernobyl"
 chernobyl_area_name: "Chernobyl"
 chernobyl_area_adj: "Radioactive"
 zhitomir_area: "Zhitomir"
 zhitomir_area_name: "Zhitomir"
 zhitomir_area_adj: "Zhitomirian"
 bratslav_area: "Bratslav"
 bratslav_area_name: "Bratslav"
 bratslav_area_adj: "Bratslavian"
 volodymyr_area: "Volyn"
 volodymyr_area_name: "Volyn"
 volodymyr_area_adj: "Volynian"
 lutsk_area: "Lutsk"
 lutsk_area_name: "Lutsk"
 lutsk_area_adj: "Lutskian"
 connacht_area: "Mayo"
 connacht_area_name: "Mayo"
 connacht_area_adj: "Mayoan"
 sligo_area: "Sligo"
 sligo_area_name: "Sligo"
 sligo_area_adj: "Sligan"
 ulster_area: "Tyrone"
 ulster_area_name: "Tyrone"
 ulster_area_adj: "Tyronean"
 meath_area: "Meath"
 meath_area_name: "Meath"
 meath_area_adj: "Meathian"
 leinster_area: "Ormond"
 leinster_area_name: "Ormond"
 leinster_area_adj: "Ormondian"
 venice_area: "Venice"
 venice_area_name: "Venice"
 venice_area_adj: "Venetian"
 bassano_area: "Bassano"
 bassano_area_name: "Bassano"
 bassano_area_adj: "Bassanese"
 verona_area: "Verona"
 verona_area_name: "Verona"
 verona_area_adj: "Veronese"
 mantua_area: "Mantua"
 mantua_area_name: "Mantua"
 mantua_area_adj: "Mantuan"
 friuli_area: "Friuli"
 friuli_area_name: "Friuli"
 friuli_area_adj: "Friulian"
 sannmark_area: "Sannmark"
 sannmark_area_name: "Sannmark"
 sannmark_area_adj: "Sannmarker"
 modena_area: "Modena"
 modena_area_name: "Modena"
 modena_area_adj: "Modenese"
 bologna_area: "Bologna"
 bologna_area_name: "Bologna"
 bologna_area_adj: "Bolognese"
 cesena_area: "Cesena"
 cesena_area_name: "Cesena"
 cesena_area_adj: "Cesenese"
 urbino_area: "Urbino"
 urbino_area_name: "Urbino"
 urbino_area_adj: "Urbinese"
 ancona_area: "Marche"
 ancona_area_name: "Marche"
 ancona_area_adj: "Marchigian"
 spoleto_area: "Spoleto"
 spoleto_area_name: "Spoleto"
 spoleto_area_adj: "Spoletan"
 latium_area: "Latium"
 latium_area_name: "Latium"
 latium_area_adj: "Latian"
 viterbo_area: "Viterbo"
 viterbo_area_name: "Viterbo"
 viterbo_area_adj: "Viterban"
 abruzzo_area: "Abruzzo"
 abruzzo_area_name: "Abruzzo"
 abruzzo_area_adj: "Abruzzan"
 molise_area: "Molise"
 molise_area_name: "Molise"
 molise_area_adj: "Molisian"
 foggia_area: "Foggia"
 foggia_area_name: "Foggia"
 foggia_area_adj: "Foggian"
 salento_area: "Salento"
 salento_area_name: "Salento"
 salento_area_adj: "Salentino"
 salerno_area: "Salerno"
 salerno_area_name: "Salerno"
 salerno_area_adj: "Salernitan"
 capua_area: "Capua"
 capua_area_name: "Capua"
 capua_area_adj: "Capuan"
 arezzo_area: "Arezzo"
 arezzo_area_name: "Arezzo"
 arezzo_area_adj: "Arezzan"
 siena_area: "Siena"
 siena_area_name: "Siena"
 siena_area_adj: "Sienese"
 pisa_area: "Pisa"
 pisa_area_name: "Pisa"
 pisa_area_adj: "Pisan"
 florence_area: "Florence"
 florence_area_name: "Florence"
 florence_area_adj: "Florentine"
 lucca_area: "Lunigiana"
 lucca_area_name: "Lunigiana"
 lucca_area_adj: "Lunigianese"
 genoa_area: "Genoa"
 genoa_area_name: "Genoa"
 genoa_area_adj: "Genoan"
 albenga_area: "Albenga"
 albenga_area_name: "Albenga"
 albenga_area_adj: "Albengan"
 nice_area: "Nice"
 nice_area_name: "Nice"
 nice_area_adj: "Nissard"
 corsica_area: "Corsica"
 corsica_area_name: "Corsica"
 corsica_area_adj: "Corsican"
 sassari_area: "Sassari"
 sassari_area_name: "Sassari"
 sassari_area_adj: "Sassarian"
 gallura_area: "Gallura"
 gallura_area_name: "Gallura"
 gallura_area_adj: "Gallurese"
 arborea_area: "Arborea"
 arborea_area_name: "Arborea"
 arborea_area_adj: "Arborean"
 arles_area: "Arles"
 arles_area_name: "Arles"
 arles_area_adj: "Arelat"
 forcalquier_area: "Forcalquier"
 forcalquier_area_name: "Forcalquier"
 forcalquier_area_adj: "Forcalquois"
 torino_area: "Saluzzo"
 torino_area_name: "Saluzzo"
 torino_area_adj: "Saluzzan"
 monferrato_area: "Monferrato"
 monferrato_area_name: "Monferrato"
 monferrato_area_adj: "Monferratan"
 novara_area: "Novara"
 novara_area_name: "Novara"
 novara_area_adj: "Novaran"
 parma_area: "Parma"
 parma_area_name: "Parma"
 parma_area_adj: "Parman"
 pavia_area: "Pavia"
 pavia_area_name: "Pavia"
 pavia_area_adj: "Pavian"
 milan_area: "Milano"
 milan_area_name: "Milano"
 milan_area_adj: "Milanese"
 brescia_area: "Brescia"
 brescia_area_name: "Brescia"
 brescia_area_adj: "Brescian"
 aosta_area: "Aosta"
 aosta_area_name: "Aosta"
 aosta_area_adj: "Aostan"
 trent_area: "Trent"
 trent_area_name: "Trent"
 trent_area_adj: "Tridentine"
 lienz_area: "Lienz"
 lienz_area_name: "Lienz"
 lienz_area_adj: "Lienzer"
 istria_area: "Istria"
 istria_area_name: "Istria"
 istria_area_adj: "Istrian"
 dalmatia_area: "Dalmatia"
 dalmatia_area_name: "Dalmatia"
 dalmatia_area_adj: "Dalmatian"
 split_area: "Split"
 split_area_name: "Split"
 split_area_adj: "Splitian"
 senj_area: "Littoral"
 senj_area_name: "Littoral"
 senj_area_adj: "Littoralian"
 zeta_area: "Cetinje"
 zeta_area_name: "Cetinje"
 zeta_area_adj: "Cetinjean"
 hum_area: "Hum"
 hum_area_name: "Hum"
 hum_area_adj: "Humian"
 donji_area: "Donji Kraji"
 donji_area_name: "Donji Kraji"
 donji_area_adj: "Donji Krajian"
 kupres_area: "Tropolje"
 kupres_area_name: "Tropolje"
 kupres_area_adj: "Tropoljean"
 bobovac_area: "Bosna"
 bobovac_area_name: "Bosna"
 bobovac_area_adj: "Bosanska"
 doboj_area: "Usora"
 doboj_area_name: "Usora"
 doboj_area_adj: "Usoran"
 varazdin_area: "Varazdin"
 varazdin_area_name: "Varazdin"
 varazdin_area_adj: "Varazdinian"
 slavonia_area: "Slavonia"
 slavonia_area_name: "Slavonia"
 slavonia_area_adj: "Slavonian"
 srijem_area: "Syrmia"
 srijem_area_name: "Syrmia"
 srijem_area_adj: "Syrmian"
 zagreb_area: "Zagreb"
 zagreb_area_name: "Zagreb"
 zagreb_area_adj: "Zagrebian"
 ragusa_area: "Ragusa"
 ragusa_area_name: "Ragusa"
 ragusa_area_adj: "Ragusan"
 carniola_area: "Carniola"
 carniola_area_name: "Carniola"
 carniola_area_adj: "Carniolan"
 murmark_area: "Murmark"
 murmark_area_name: "Murmark"
 murmark_area_adj: "Murmarker"
 styria_area: "Styria"
 styria_area_name: "Styria"
 styria_area_adj: "Styrian"
 carinthia_area: "Carinthia"
 carinthia_area_name: "Carinthia"
 carinthia_area_adj: "Carinthian"
 wien_area: "Wien"
 wien_area_name: "Wien"
 wien_area_adj: "Wiener"
 ostmarch_area: "Ostmark"
 ostmarch_area_name: "Ostmark"
 ostmarch_area_adj: "Ostmarker"
 raabs_area: "Raabs"
 raabs_area_name: "Raabs"
 raabs_area_adj: "Raabser"
 linz_area: "Linz"
 linz_area_name: "Linz"
 linz_area_adj: "Linzer"
 salzburg_area: "Salzburg"
 salzburg_area_name: "Salzburg"
 salzburg_area_adj: "Salzburger"
 tirol_area: "Tirol"
 tirol_area_name: "Tirol"
 tirol_area_adj: "Tirolian"
 vorarlberg_area: "Vorarlberg"
 vorarlberg_area_name: "Vorarlberg"
 vorarlberg_area_adj: "Vorarlberger"
 chur_area: "Graubünden"
 chur_area_name: "Graubünden"
 chur_area_adj: "Graubünder"
 waldstatte_area: "Waldstätte"
 waldstatte_area_name: "Waldstätte"
 waldstatte_area_adj: "Waldstätter"
 ticino_area: "Ticino"
 ticino_area_name: "Ticino"
 ticino_area_adj: "Ticinoan"
 basel_area: "Basel"
 basel_area_name: "Basel"
 basel_area_adj: "Basler"
 thurgau_area: "Thurgau"
 thurgau_area_name: "Thurgau"
 thurgau_area_adj: "Thurgauer"
 stgallen_area: "St Gallen"
 stgallen_area_name: "St Gallen"
 stgallen_area_adj: "St Galler"
 wallis_area: "Valais"
 wallis_area_name: "Valais"
 wallis_area_adj: "Valaisien"
 bern_area: "Bern"
 bern_area_name: "Bern"
 bern_area_adj: "Berner"
 vaud_area: "Vaud"
 vaud_area_name: "Vaud"
 vaud_area_adj: "Vaudois"
 savoy_area: "Savoy"
 savoy_area_name: "Savoy"
 savoy_area_adj: "Savoyard"
 forez_area: "Forez"
 forez_area_name: "Forez"
 forez_area_adj: "Forezien"
 dauphine_area: "Dauphine"
 dauphine_area_name: "Dauphine"
 dauphine_area_adj: "Dauphinois"
 dole_area: "Dôle"
 dole_area_name: "Dôle"
 dole_area_adj: "Dôlois"
 besancon_area: "Besançon"
 besancon_area_name: "Besançon"
 besancon_area_adj: "Bisontin"
 moravia_area: "Brno"
 moravia_area_name: "Brno"
 moravia_area_adj: "Brnoan"
 olomouc_area: "Olomouc"
 olomouc_area_name: "Olomouc"
 olomouc_area_adj: "Olomoucian"
 zlin_area: "Zlin"
 zlin_area_name: "Zlin"
 zlin_area_adj: "Zlinian"
 tabor_area: "Tábor"
 tabor_area_name: "Tábor"
 tabor_area_adj: "Táborite"
 praha_area: "Praha"
 praha_area_name: "Praha"
 praha_area_adj: "Praguer"
 hradecko_area: "Hradecko"
 hradecko_area_name: "Hradecko"
 hradecko_area_adj: "Hradeckoan"
 erz_area: "Erz"
 erz_area_name: "Erz"
 erz_area_adj: "Erzian"
 plzen_area: "Plzen"
 plzen_area_name: "Plzen"
 plzen_area_adj: "Plzenian"
 eger_area: "Eger"
 eger_area_name: "Eger"
 eger_area_adj: "Egerian"
 silesiaeast_area: "Raciborz"
 silesiaeast_area_name: "Raciborz"
 silesiaeast_area_adj: "Raciborzian"
 opole_area: "Opole"
 opole_area_name: "Opole"
 opole_area_adj: "Opolean"
 opava_area: "Opava"
 opava_area_name: "Opava"
 opava_area_adj: "Opavan"
 silesiawest_area: "Wroclaw"
 silesiawest_area_name: "Wroclaw"
 silesiawest_area_adj: "Wroclawian"
 legnica_area: "Legnica"
 legnica_area_name: "Legnica"
 legnica_area_adj: "Legnican"
 glogow_area: "Glogow"
 glogow_area_name: "Glogow"
 glogow_area_adj: "Glogowian"
 lusatiasouth_area: "Oberlausitz"
 lusatiasouth_area_name: "Oberlausitz"
 lusatiasouth_area_adj: "Oberlausitzer"
 lusatianorth_area: "Niederlausitz"
 lusatianorth_area_name: "Niederlausitz"
 lusatianorth_area_adj: "Niederlausitzer"
 neumark_area: "Neumark"
 neumark_area_name: "Neumark"
 neumark_area_adj: "Neumarker"
 kolberg_area: "Kolberg"
 kolberg_area_name: "Kolberg"
 kolberg_area_adj: "Kolberger"
 stolp_area: "Stolp"
 stolp_area_name: "Stolp"
 stolp_area_adj: "Stolper"
 kulmerland_area: "Kulmerland"
 kulmerland_area_name: "Kulmerland"
 kulmerland_area_adj: "Kulmerlander"
 ostpreusseneast_area: "Ortelsburg"
 ostpreusseneast_area_name: "Ortelsburg"
 ostpreusseneast_area_adj: "Ortelsburger"
 memel_area: "Memel"
 memel_area_name: "Memel"
 memel_area_adj: "Memeler"
 warmia_area: "Warmia"
 warmia_area_name: "Warmia"
 warmia_area_adj: "Warmian"
 konigsberg_area: "Königsberg"
 konigsberg_area_name: "Königsberg"
 konigsberg_area_adj: "Königsberger"
 klaipeda_area: "Klaipeda"
 klaipeda_area_name: "Klaipeda"
 klaipeda_area_adj: "Klaipedan"
 danzig_area: "Danzig"
 danzig_area_name: "Danzig"
 danzig_area_adj: "Danziger"
 westpreussensouth_area: "Tuchola"
 westpreussensouth_area_name: "Tuchola"
 westpreussensouth_area_adj: "Tucholan"
 westpreussennorth_area: "Gdynia"
 westpreussennorth_area_name: "Gdynia"
 westpreussennorth_area_adj: "Gdynian"
 flanders_area: "Flanders"
 flanders_area_name: "Flanders"
 flanders_area_adj: "Flemish"
 hainaut_area: "Hainaut"
 hainaut_area_name: "Hainaut"
 hainaut_area_adj: "Hainautian"
 cambrai_area: "Cambrai"
 cambrai_area_name: "Cambrai"
 cambrai_area_adj: "Cambraian"
 liege_area: "Luik"
 liege_area_name: "Luik"
 liege_area_adj: "Luiker"
 antwerp_area: "Antwerp"
 antwerp_area_name: "Antwerp"
 antwerp_area_adj: "Antwerper"
 brabant_area: "Brabant"
 brabant_area_name: "Brabant"
 brabant_area_adj: "Brabanter"
 utrecht_area: "Utrecht"
 utrecht_area_name: "Utrecht"
 utrecht_area_adj: "Utrechter"
 holland_area: "Holland"
 holland_area_name: "Holland"
 holland_area_adj: "Hollander"
 guelders_area: "Guelderland"
 guelders_area_name: "Guelderland"
 guelders_area_adj: "Guelderlander"
 overijssel_area: "Overijssel"
 overijssel_area_name: "Overijssel"
 overijssel_area_adj: "Overijsseler"
 westfrisia_area: "Friesland"
 westfrisia_area_name: "Friesland"
 westfrisia_area_adj: "Frieslander"
 eastfrisia_area: "East Frisia"
 eastfrisia_area_name: "East Frisia"
 eastfrisia_area_adj: "East Frisian"
 limburg_area: "Limburg"
 limburg_area_name: "Limburg"
 limburg_area_adj: "Limburger"
 luxemburg_area: "Luxemburg"
 luxemburg_area_name: "Luxemburg"
 luxemburg_area_adj: "Luxemburger"
 chiny_area: "Chiny"
 chiny_area_name: "Chiny"
 chiny_area_adj: "Chinois"
 barrois_area: "Barrois"
 barrois_area_name: "Barrois"
 barrois_area_adj: "Barroisian"
 toul_area: "Toul"
 toul_area_name: "Toul"
 toul_area_adj: "Toulois"
 metz_area: "Metz"
 metz_area_name: "Metz"
 metz_area_adj: "Metzer"
 saar_area: "Saar"
 saar_area_name: "Saar"
 saar_area_adj: "Saarer"
 sundgau_area: "Sundgau"
 sundgau_area_name: "Sundgau"
 sundgau_area_adj: "Sundgauer"
 nordgau_area: "Nordgau"
 nordgau_area_name: "Nordgau"
 nordgau_area_adj: "Nordgauer"
 strassburg_area: "Strassburg"
 strassburg_area_name: "Strassburg"
 strassburg_area_adj: "Strassburger"
 hagenau_area: "Hagenau"
 hagenau_area_name: "Hagenau"
 hagenau_area_adj: "Hagenauer"
 oldenburg_area: "Oldenburg"
 oldenburg_area_name: "Oldenburg"
 oldenburg_area_adj: "Oldenburger"
 stade_area: "Stade"
 stade_area_name: "Stade"
 stade_area_adj: "Stader"
 luneburg_area: "Lüneburg"
 luneburg_area_name: "Lüneburg"
 luneburg_area_adj: "Lüneburger"
 altmark_area: "Altmark"
 altmark_area_name: "Altmark"
 altmark_area_adj: "Altmarker"
 hamburg_area: "Hamburg"
 hamburg_area_name: "Hamburg"
 hamburg_area_adj: "Hamburger"
 lubeck_area: "Lübeck"
 lubeck_area_name: "Lübeck"
 lubeck_area_adj: "Lübecker"
 holstein_area: "Holstein"
 holstein_area_name: "Holstein"
 holstein_area_adj: "Holsteiner"
 kiel_area: "Kiel"
 kiel_area_name: "Kiel"
 kiel_area_adj: "Kieler"
 wismar_area: "Wismar"
 wismar_area_name: "Wismar"
 wismar_area_adj: "Wismarn"
 werle_area: "Werle"
 werle_area_name: "Werle"
 werle_area_adj: "Werler"
 pomerania_area: "Vorpommern"
 pomerania_area_name: "Vorpommern"
 pomerania_area_adj: "Vorpommerner"
 berlin_area: "Uckermark"
 berlin_area_name: "Uckermark"
 berlin_area_adj: "Uckermarker"
 potsdam_area: "Potsdam"
 potsdam_area_name: "Potsdam"
 potsdam_area_adj: "Potsdamer"
 ruppin_area: "Ruppin"
 ruppin_area_name: "Ruppin"
 ruppin_area_adj: "Ruppiner"
 osnabruck_area: "Osnabrück"
 osnabruck_area_name: "Osnabrück"
 osnabruck_area_adj: "Osnabrücker"
 calenberg_area: "Calenberg"
 calenberg_area_name: "Calenberg"
 calenberg_area_adj: "Calenberger"
 brunswick_area: "Braunschweig"
 brunswick_area_name: "Braunschweig"
 brunswick_area_adj: "Braunschweiger"
 anhalt_area: "Anhalt"
 anhalt_area_name: "Anhalt"
 anhalt_area_adj: "Anhalter"
 merseburg_area: "Merseburg"
 merseburg_area_name: "Merseburg"
 merseburg_area_adj: "Merseburger"
 helmegau_area: "Helmegau"
 helmegau_area_name: "Helmegau"
 helmegau_area_adj: "Helmegauer"
 meissen_area: "Meissen"
 meissen_area_name: "Meissen"
 meissen_area_adj: "Meissener"
 osterland_area: "Osterland"
 osterland_area_name: "Osterland"
 osterland_area_adj: "Osterlander"
 westergau_area: "Westergau"
 westergau_area_name: "Westergau"
 westergau_area_adj: "Westergauer"
 ostergau_area: "Ostergau"
 ostergau_area_name: "Ostergau"
 ostergau_area_adj: "Ostergauer"
 zeitz_area: "Zeitz"
 zeitz_area_name: "Zeitz"
 zeitz_area_adj: "Zeitzer"
 hessenorth_area: "Kassel"
 hessenorth_area_name: "Kassel"
 hessenorth_area_adj: "Kasseler"
 hessesouth_area: "Hessen"
 hessesouth_area_name: "Hessen"
 hessesouth_area_adj: "Hesser"
 marburg_area: "Marburg"
 marburg_area_name: "Marburg"
 marburg_area_adj: "Marburger"
 westfalen_area: "Westfalen"
 westfalen_area_name: "Westfalen"
 westfalen_area_adj: "Westfalener"
 munster_area: "Münster"
 munster_area_name: "Münster"
 munster_area_adj: "Münstern"
 dortmund_area: "Dortmund"
 dortmund_area_name: "Dortmund"
 dortmund_area_adj: "Dortmunder"
 tecklenburg_area: "Tecklenburg"
 tecklenburg_area_name: "Tecklenburg"
 tecklenburg_area_adj: "Tecklenburger"
 cologne_area: "Cologne"
 cologne_area_name: "Cologne"
 cologne_area_adj: "Cologner"
 aachen_area: "Jülich"
 aachen_area_name: "Jülich"
 aachen_area_adj: "Jülicher"
 mark_area: "Mark"
 mark_area_name: "Mark"
 mark_area_adj: "Marker"
 nassau_area: "Frankfurt"
 nassau_area_name: "Frankfurt"
 nassau_area_adj: "Frankfurter"
 berg_area: "Berg"
 berg_area_name: "Berg"
 berg_area_adj: "Berger"
 bamberg_area: "Bamberg"
 bamberg_area_name: "Bamberg"
 bamberg_area_adj: "Bamberger"
 bayreuth_area: "Bayreuth"
 bayreuth_area_name: "Bayreuth"
 bayreuth_area_adj: "Bayreuther"
 nuremberg_area: "Nürnberg"
 nuremberg_area_name: "Nürnberg"
 nuremberg_area_adj: "Nürnberger"
 wurzburg_area: "Würzburg"
 wurzburg_area_name: "Würzburg"
 wurzburg_area_adj: "Würzburger"
 mainz_area: "Mainz"
 mainz_area_name: "Mainz"
 mainz_area_adj: "Mainzer"
 darmstadt_area: "Darmstadt"
 darmstadt_area_name: "Darmstadt"
 darmstadt_area_adj: "Darmstadter"
 triernorth_area: "Koblenz"
 triernorth_area_name: "Koblenz"
 triernorth_area_adj: "Koblenzer"
 triersouth_area: "Trier"
 triersouth_area_name: "Trier"
 triersouth_area_adj: "Triern"
 pfalzwest_area: "Zweibrücken"
 pfalzwest_area_name: "Zweibrücken"
 pfalzwest_area_adj: "Zweibrücker"
 pfalzeast_area: "Kurpfalz"
 pfalzeast_area_name: "Kurpfalz"
 pfalzeast_area_adj: "Kurpfalzer"
 ansbach_area: "Ansbach"
 ansbach_area_name: "Ansbach"
 ansbach_area_adj: "Ansbacher"
 hohenlohe_area: "Hohenlohe"
 hohenlohe_area_name: "Hohenlohe"
 hohenlohe_area_adj: "Hohenloher"
 oberpfalz_area: "Oberpfalz"
 oberpfalz_area_name: "Oberpfalz"
 oberpfalz_area_adj: "Oberpfalzer"
 eichstadt_area: "Eichstadt"
 eichstadt_area_name: "Eichstadt"
 eichstadt_area_adj: "Eichstadter"
 leuchtenburg_area: "Leuchtenburg"
 leuchtenburg_area_name: "Leuchtenburg"
 leuchtenburg_area_adj: "Leuchtenburger"
 straubing_area: "Passau"
 straubing_area_name: "Passau"
 straubing_area_adj: "Passauer"
 ingolstadt_area: "Ingolstadt"
 ingolstadt_area_name: "Ingolstadt"
 ingolstadt_area_adj: "Ingolstadter"
 munich_area: "München"
 munich_area_name: "München"
 munich_area_adj: "Münchener"
 landshut_area: "Landshut"
 landshut_area_name: "Landshut"
 landshut_area_adj: "Landshuter"
 innkreis_area: "Innkreis"
 innkreis_area_name: "Innkreis"
 innkreis_area_adj: "Innkreiser"
 augsburg_area: "Augsburg"
 augsburg_area_name: "Augsburg"
 augsburg_area_adj: "Augsburger"
 burgau_area: "Burgau"
 burgau_area_name: "Burgau"
 burgau_area_adj: "Burgauer"
 ulm_area: "Ulm"
 ulm_area_name: "Ulm"
 ulm_area_adj: "Ulmer"
 drachgau_area: "Drachgau"
 drachgau_area_name: "Drachgau"
 drachgau_area_adj: "Drachgauer"
 riesgau_area: "Riesgau"
 riesgau_area_name: "Riesgau"
 riesgau_area_adj: "Riesgauer"
 bertoldsbaar_area: "Bertoldsbaar"
 bertoldsbaar_area_name: "Bertoldsbaar"
 bertoldsbaar_area_adj: "Bertoldsbaarer"
 breisgau_area: "Breisgau"
 breisgau_area_name: "Breisgau"
 breisgau_area_adj: "Breisgauer"
 albgau_area: "Albgau"
 albgau_area_name: "Albgau"
 albgau_area_adj: "Albgauer"
 baden_area: "Ortenau"
 baden_area_name: "Ortenau"
 baden_area_adj: "Ortenauer"
 wurttemburg_area: "Württemberg"
 wurttemburg_area_name: "Württemberg"
 wurttemburg_area_adj: "Württemberger"
 argengau_area: "Argengau"
 argengau_area_name: "Argengau"
 argengau_area_adj: "Argengauer"
 hegau_area: "Hegau"
 hegau_area_name: "Hegau"
 hegau_area_adj: "Hegauer"
 rammgau_area: "Rammgau"
 rammgau_area_name: "Rammgau"
 rammgau_area_adj: "Rammgauer"
 devon_area: "Cornwall"
 devon_area_name: "Cornwall"
 devon_area_adj: "Cornish"
 somerset_area: "Somerset"
 somerset_area_name: "Somerset"
 somerset_area_adj: "Somersetian"
 wessex_area: "Hampshire"
 wessex_area_name: "Hampshire"
 wessex_area_adj: "Hampshirean"
 sussex_area: "Sussex"
 sussex_area_name: "Sussex"
 sussex_area_adj: "Sussexian"
 middlesex_area: "Middlesex"
 middlesex_area_name: "Middlesex"
 middlesex_area_adj: "Middlesexian"
 norwich_area: "East Anglia"
 norwich_area_name: "East Anglia"
 norwich_area_adj: "East Anglian"
 west_midlands_area: "Coventry"
 west_midlands_area_name: "Coventry"
 west_midlands_area_adj: "Coventrian"
 lincoln_area: "Lincoln"
 lincoln_area_name: "Lincoln"
 lincoln_area_adj: "Lincolnian"
 montgomery_area: "Montgomery"
 montgomery_area_name: "Montgomery"
 montgomery_area_adj: "Montgomerian"
 cheshire_area: "Cheshire"
 cheshire_area_name: "Cheshire"
 cheshire_area_adj: "Cheshirean"
 east_riding_area: "East Riding"
 east_riding_area_name: "East Riding"
 east_riding_area_adj: "Eastern Riding"
 west_riding_area: "West Riding"
 west_riding_area_name: "West Riding"
 west_riding_area_adj: "Western Riding"
 cumberland_area: "Cumberland"
 cumberland_area_name: "Cumberland"
 cumberland_area_adj: "Cumberlander"
 northumberland_area: "Northumberland"
 northumberland_area_name: "Northumberland"
 northumberland_area_adj: "Northumberlander"
 edinburgh_area: "Lothian"
 edinburgh_area_name: "Lothian"
 edinburgh_area_adj: "Lothianer"
 fife_area: "Perth"
 fife_area_name: "Perth"
 fife_area_adj: "Perthian"
 galloway_area: "Galloway"
 galloway_area_name: "Galloway"
 galloway_area_adj: "Gallovidian"
 morvern_area: "Inverness"
 morvern_area_name: "Inverness"
 movern_area_adj: "Invernessian"
 caithness_area: "Caithness"
 caithness_area_name: "Caithness"
 caithness_area_adj: "Caithnessian"
 angus_area: "Angus"
 angus_area_name: "Angus"
 angus_area_adj: "Angusian"
 ayrshire_area: "Lanark"
 ayrshire_area_name: "Lanark"
 ayrshire_area_adj: "Lanarkian"
 walesnorth_area: "Gwynedd"
 walesnorth_area_name: "Gwynedd"
 walesnorth_area_adj: "Gwyneddian"
 walessouth_area: "Glamorgan"
 walessouth_area_name: "Glamorgan"
 walessouth_area_adj: "Glamorganian"
 picardy_area: "Amiens"
 picardy_area_name: "Amiens"
 picardy_area_adj: "Amienais"
 calais_area: "Calais"
 calais_area_name: "Calais"
 calais_area_adj: "Calaisian"
 artois_area: "Artois"
 artois_area_name: "Artois"
 artois_area_adj: "Artoisien"
 caux_area: "Caux"
 caux_area_name: "Caux"
 caux_area_adj: "Cauxois"
 normandy_area: "Caen"
 normandy_area_name: "Caen"
 normandy_area_adj: "Caenais"
 finistere_area: "Finistère"
 finistere_area_name: "Finistère"
 finistere_area_adj: "Finistèrien"
 nantes_area: "Nantes"
 nantes_area_name: "Nantes"
 nantes_area_adj: "Nantois"
 maine_area: "Maine"
 maine_area_name: "Maine"
 maine_area_adj: "Mainnais"
 alencon_area: "Alençon"
 alencon_area_name: "Alençon"
 alencon_area_adj: "Alençonnais"
 paris_area: "Paris"
 paris_area_name: "Paris"
 paris_area_adj: "Parisien"
 vermandois_area: "Vermandois"
 vermandois_area_name: "Vermandois"
 vermandois_area_adj: "Vermandoisien"
 rethel_area: "Rethel"
 rethel_area_name: "Rethel"
 rethel_area_adj: "Rethelois"
 valois_area: "Valois"
 valois_area_name: "Valois"
 valois_area_adj: "Valoisien"
 reims_area: "Reims"
 reims_area_name: "Reims"
 reims_area_adj: "Rémois"
 nemours_area: "Nemours"
 nemours_area_name: "Nemours"
 nemours_area_adj: "Nemourois"
 troyes_area: "Troyes"
 troyes_area_name: "Troyes"
 troyes_area_adj: "Troyesien"
 raozhon_area: "Roazhon"
 raozhon_area_name: "Roazhon"
 raozhon_area_adj: "Roazhonais"
 burgundy_area: "Dijon"
 burgundy_area_name: "Dijon"
 burgundy_area_adj: "Dijonnais"
 charolais_area: "Charolais"
 charolais_area_name: "Charolais"
 charolais_area_adj: "Charolaisien"
 nevers_area: "Nevers"
 nevers_area_name: "Nevers"
 nevers_area_adj: "Nivernais"
 berry_area: "Bourges"
 berry_area_name: "Bourges"
 berry_area_adj: "Bourgeosie"
 orleans_area: "Orleanais"
 orleans_area_name: "Orleanais"
 orleans_area_adj: "Orleanaisien"
 tours_area: "Touraine"
 tours_area_name: "Touraine"
 tours_area_adj: "Toursien"
 bourbon_area: "Bourbon"
 bourbon_area_name: "Bourbon"
 bourbon_area_adj: "Bourbonnais"
 auvergne_area: "Auvergne"
 auvergne_area_name: "Auvergne"
 auvergne_area_adj: "Auvergnat"
 poitou_area: "Poitou"
 poitou_area_name: "Poitou"
 poitou_area_adj: "Poitevin"
 perigord_area: "Périgord"
 perigord_area_name: "Périgord"
 perigord_area_adj: "Périgeux"
 angouleme_area: "Angoulême"
 angouleme_area_name: "Angoulême"
 angouleme_area_adj: "Angoulêmais"
 cahors_area: "Cahors"
 cahors_area_name: "Cahors"
 cahors_area_adj: "Cahorsien"
 limousin_area: "Limousin"
 limousin_area_name: "Limousin"
 limousin_area_adj: "Limousinnais"
 rodez_area: "Rouergue"
 rodez_area_name: "Rouergue"
 rodez_area_adj: "Rouergois"
 armagnac_area: "Armagnac"
 armagnac_area_name: "Armagnac"
 armagnac_area_adj: "Armagnais"
 bordeaux_area: "Bordeaux"
 bordeaux_area_name: "Bordeaux"
 bordeaux_area_adj: "Bordeais"
 labourd_area: "Labourd"
 labourd_area_name: "Labourd"
 labourd_area_adj: "Labourdois"
 bearn_area: "Béarn"
 bearn_area_name: "Béarn"
 bearn_area_adj: "Béarnais"
 toulouse_area: "Toulouse"
 toulouse_area_name: "Toulouse"
 toulouse_area_adj: "Toulousien"
 narbonne_area: "Narbonne"
 narbonne_area_name: "Narbonne"
 narbonne_area_adj: "Narbonnais"
 viviers_area: "Vivarais"
 viviers_area_name: "Vivarais"
 viviers_area_adj: "Vivaraisien"
 montlaur_area: "Montlaur"
 montlaur_area_name: "Montlaur"
 montlaur_area_adj: "Montlaursien"
 rousillon_area: "Rousillon"
 rousillon_area_name: "Rousillon"
 rousillon_area_adj: "Rousillonais"
 montpellier_area: "Gothia"
 montpellier_area_name: "Gothia"
 montpellier_area_adj: "Gothian"
 barcelona_area: "Barcelona"
 barcelona_area_name: "Barcelona"
 barcelona_area_adj: "Barcelon"
 tarragona_area: "Tarragona"
 tarragona_area_name: "Tarragona"
 tarragona_area_adj: "Tarragonian"
 lerida_area: "Urgell"
 lerida_area_name: "Urgell"
 lerida_area_adj: "Urgellian"
 zaragoza_area: "Zaragoza"
 zaragoza_area_name: "Zaragoza"
 zaragoza_area_adj: "Zaragozan"
 madrid_area: "Madrid"
 madrid_area_name: "Madrid"
 madrid_area_adj: "Madrilenian"
 cordoba_area: "Córdoba"
 cordoba_area_name: "Córdoba"
 cordoba_area_adj: "Córdoban"
 almeria_area: "Almería"
 almeria_area_name: "Almería"
 almeria_area_adj: "Almerían"
 granada_area: "Granada"
 granada_area_name: "Granada"
 granada_area_adj: "Granadan"
 sevilla_area: "Sevilla"
 sevilla_area_name: "Sevilla"
 sevilla_area_adj: "Sevillan"
 valencia_area: "Valencia"
 valencia_area_name: "Valencia"
 valencia_area_adj: "Valencian"
 denia_area: "Alicante"
 denia_area_name: "Alicante"
 denia_area_adj: "Alicantian"
 murcia_area: "Murcia"
 murcia_area_name: "Murcia"
 murcia_area_adj: "Murcian"
 segovia_area: "Segovia"
 segovia_area_name: "Segovia"
 segovia_area_adj: "Segovian"
 toledo_area: "Toledo"
 toledo_area_name: "Toledo"
 toledo_area_adj: "Toledan"
 teruel_area: "Teruel"
 teruel_area_name: "Teruel"
 teruel_area_adj: "Teruelian"
 cuenca_area: "Cuenca"
 cuenca_area_name: "Cuenca"
 cuenca_area_adj: "Cuencan"
 soria_area: "Soria"
 soria_area_name: "Soria"
 soria_area_adj: "Sorian"
 navarra_area: "Navarra"
 navarra_area_name: "Navarra"
 navarra_area_adj: "Navarran"
 vizcaya_area: "Vizcaya"
 vizcaya_area_name: "Vizcaya"
 vizcaya_area_adj: "Vizcayan"
 asturias_area: "Asturias"
 asturias_area_name: "Asturias"
 asturias_area_adj: "Asturian"
 salamanca_area: "Salamanca"
 salamanca_area_name: "Salamanca"
 salamanca_area_adj: "Salamancan"
 leon_area: "León"
 leon_area_name: "León"
 leon_area_adj: "Leónese"
 galicia_area: "Santiago"
 galicia_area_name: "Santiago"
 galicia_area_adj: "Santiagoan"
 porto_area: "Porto"
 porto_area_name: "Porto"
 porto_area_adj: "Portan"
 braganca_area: "Bragança"
 braganca_area_name: "Bragança"
 braganca_area_adj: "Bragançan"
 coimbra_area: "Coimbra"
 coimbra_area_name: "Coimbra"
 coimbra_area_adj: "Coimbran"
 tunis_area: "Tunis"
 tunis_area_name: "Tunis"
 tunis_area_adj: "Tunisi"
 algiers_area: "Algiers"
 algiers_area_name: "Algiers"
 algiers_area_adj: "Al-Djazairi"
 constantine_area: "Constantine"
 constantine_area_name: "Constantine"
 constantine_area_adj: "Constantinian"
 bejaia_area: "Bejaia"
 bejaia_area_name: "Bejaia"
 bejaia_area_adj: "Bejaian"
 vilna_area: "Vilna"
 vilna_area_name: "Vilna"
 vilna_area_adj: "Vilnian"
 trakai_area: "Trakai"
 trakai_area_name: "Trakai"
 trakai_area_adj: "Trakaian"
 pastovys_area: "Pastovys"
 pastovys_area_name: "Pastovys"
 pastovys_area_adj: "Pastovysian"
 birzai_area: "Birzai"
 birzai_area_name: "Birzai"
 birzai_area_adj: "Birzaian"
 samogitia_area: "Varniai"
 samogitia_area_name: "Varniai"
 samogitia_area_adj: "Varnian"
 siauliai_area: "Siauliai"
 siauliai_area_name: "Siauliai"
 siauliai_area_adj: "Siaulian"
 karsovia_area: "Karsovia"
 karsovia_area_name: "Karsovia"
 karsovia_area_adj: "Karsovian"
 grodno_area: "Grodno"
 grodno_area_name: "Grodno"
 grodno_area_adj: "Grodnian"
 sudovia_area: "Sudovia"
 sudovia_area_name: "Sudovia"
 sudovia_area_adj: "Sudovian"
 latvia_area: "Lattigalia"
 latvia_area_name: "Lattigalia"
 latvia_area_adj: "Lattigalian"
 jersika_area: "Jersika"
 jersika_area_name: "Jersika"
 jersika_area_adj: "Jersikian"
 curonia_area: "Kurland"
 curonia_area_name: "Kurland"
 curonia_area_adj: "Kurlander"
 piemare_area: "Piemare"
 piemare_area_name: "Piemare"
 piemare_area_adj: "Piemarean"
 selia_area: "Selia"
 selia_area_name: "Selia"
 selia_area_adj: "Selian"
 riga_area: "Riga"
 riga_area_name: "Riga"
 riga_area_adj: "Rigan"
 semigallia_area: "Semigallia"
 semigallia_area_name: "Semigallia"
 semigallia_area_adj: "Semigallian"
 belz_area: "Belz"
 belz_area_name: "Belz"
 belz_area_adj: "Belzian"
 peremyshl_area: "Peremyshl"
 peremyshl_area_name: "Peremyshl"
 peremyshl_area_adj: "Peremyshlian"
 halych_area: "Halych"
 halych_area_name: "Halych"
 halych_area_adj: "Halychian"
 lviv_area: "Lviv"
 lviv_area_name: "Lviv"
 lviv_area_adj: "Lvivian"
 podolia_area: "Kamianets"
 podolia_area_name: "Kamianets"
 podolia_area_adj: "Kamianetsian"
 skopia_area: "Skopia"
 skopia_area_name: "Skopia"
 skopia_area_adj: "Skopian"
 prilep_area: "Stip"
 prilep_area_name: "Stip"
 prilep_area_adj: "Stipian"
 kalmar_area: "Kalmar"
 kalmar_area_name: "Kalmar"
 kalmar_area_adj: "Kalmarian"
 jonkoping_area: "Jonkoping"
 jonkoping_area_name: "Jonkoping"
 jonkoping_area_adj: "Jonkopinger"
 ronneby_area: "Blekinge"
 ronneby_area_name: "Blekinge"
 ronneby_area_adj: "Blekinger"
 bornholm_area: "Bornholm"
 bornholm_area_name: "Bornholm"
 bornholm_area_adj: "Bornholmer"
 gotland_area: "Gotland"
 gotland_area_name: "Gotland"
 gotland_area_adj: "Gutnish"
 lund_area: "Skåne"
 lund_area_name: "Skåne"
 lund_area_adj: "Skåner"
 sjaelland_area: "Sjaelland"
 sjaelland_area_name: "Sjaelland"
 sjaelland_area_adj: "Sjaellander"
 fyn_area: "Fyn"
 fyn_area_name: "Fyn"
 fyn_area_adj: "Fyner"
 arhus_area: "Århus"
 arhus_area_name: "Århus"
 arhus_area_adj: "Århuser"
 vendsyssel_area: "Vendsyssel"
 vendsyssel_area_name: "Vendsyssel"
 vendsyssel_area_adj: "Vendsysseler"
 balears_area: "Balears"
 balears_area_name: "Balears"
 balears_area_adj: "Balearic"
 viborg_area: "Viborg"
 viborg_area_name: "Viborg"
 viborg_area_adj: "Viborger"
 holstebro_area: "Holstebro"
 holstebro_area_name: "Holstebro"
 holstebro_area_adj: "Holstebroer"
 slesvig_area: "Slesvig"
 slesvig_area_name: "Slesvig"
 slesvig_area_adj: "Slesviger"
 sonderborg_area: "Sonderborg"
 sonderborg_area_name: "Sonderborg"
 sonderborg_area_adj: "Sonderborger"
 achaea_area: "Achaea"
 achaea_area_name: "Achaea"
 achaea_area_adj: "Achaean"
 messinia_area: "Messinia"
 messinia_area_name: "Messinia"
 messinia_area_adj: "Messinide"
 morea_area: "Morea"
 morea_area_name: "Morea"
 morea_area_adj: "Morean"
 athens_area: "Athens"
 athens_area_name: "Athens"
 athens_area_adj: "Athenian"
 euboia_area: "Euboia"
 euboia_area_name: "Euboia"
 euboia_area_adj: "Euboian"
 cyclades_area: "Cyclades"
 cyclades_area_name: "Cyclades"
 cyclades_area_adj: "Cycladian"
 kastoria_area: "Kastoria"
 kastoria_area_name: "Kastoria"
 kastoria_area_adj: "Kastorian"
 epirus_area: "Epirus"
 epirus_area_name: "Epirus"
 epirus_area_adj: "Epirote"
 aetolia_area: "Aetolia"
 aetolia_area_name: "Aetolia"
 aetolia_area_adj: "Aetolian"
 thessalia_area: "Thessalia"
 thessalia_area_name: "Thessalia"
 thessalia_area_adj: "Thessalian"
 chalkidiki_area: "Chalkidiki"
 chalkidiki_area_name: "Chalkidiki"
 chalkidiki_area_adj: "Chalkidikian"
 serres_area: "Serres"
 serres_area_name: "Serres"
 serres_area_adj: "Serrean"
 thrace_area: "Byzantion"
 thrace_area_name: "Byzantion"
 thrace_area_adj: "Byzantine"
 chios_area: "Ikarian Islands"
 chios_area_name: "Ikarian Islands"
 chios_area_adj: "Ikarian Islander"
 traianople_area: "Traianopolis"
 traianople_area_name: "Traianopolis"
 traianople_area_adj: "Traianopolitan"
 hellespont_area: "Hellespont"
 hellespont_area_name: "Hellespont"
 hellespont_area_adj: "Hellespontic"
 algarve_area: "Algarve"
 algarve_area_name: "Algarve"
 algarve_area_adj: "Algarvean"
 alentejo_area: "Alentejo"
 alentejo_area_name: "Alentejo"
 alentejo_area_adj: "Alentejan"
 avis_area: "Avis"
 avis_area_name: "Avis"
 avis_area_adj: "Avisian"
 lisboa_area: "Lisboa"
 lisboa_area_name: "Lisboa"
 lisboa_area_adj: "Lisboan"
 palermo_area: "Palermo"
 palermo_area_name: "Palermo"
 palermo_area_adj: "Palermitan"
 syracuse_area: "Syracuse"
 syracuse_area_name: "Syracuse"
 syracuse_area_adj: "Syracusean"
 messina_area: "Messina"
 messina_area_name: "Messina"
 messina_area_adj: "Messinian"
 calabria_area: "Calabria"
 calabria_area_name: "Calabria"
 calabria_area_adj: "Calabrian"
 cosenza_area: "Cosenza"
 cosenza_area_name: "Cosenza"
 cosenza_area_adj: "Cosenzan"
 lolland_area: "Lolland"
 lolland_area_name: "Lolland"
 lolland_area_adj: "Lollander"
 vlore_area: "Berat"
 vlore_area_name: "Berat"
 vlore_area_adj: "Beratian"
 durres_area: "Dyrrakhion"
 durres_area_name: "Dyrrakhion"
 durres_area_adj: "Dyrrakhian"
 arbanon_area: "Arbanon"
 arbanon_area_name: "Arbanon"
 arbanon_area_adj: "Arbanonian"
 ciudad_area: "Calatrava"
 ciudad_area_name: "Calatrava"
 ciudad_area_adj: "Calatravan"
 badajoz_area: "Badajoz"
 badajoz_area_name: "Badajoz"
 badajoz_area_adj: "Badajozian"
 plasencia_area: "Trujillo"
 plasencia_area_name: "Trujillo"
 plasencia_area_adj: "Trujillian"
 caceres_area: "Cáceres"
 caceres_area_name: "Cáceres"
 caceres_area_adj: "Cáceresian"
 oltenia_area: "Oltenia"
 oltenia_area_name: "Oltenia"
 oltenia_area_adj: "Oltenian"
 orsova_area: "Orsova"
 orsova_area_name: "Orsova"
 orsova_area_adj: "Orsovan"
 teleorman_area: "Teleorman"
 teleorman_area_name: "Teleorman"
 teleorman_area_adj: "Teleormanian"
 buzau_area: "Buzau"
 buzau_area_name: "Buzau"
 buzau_area_adj: "Buzauan"
 ilfov_area: "Ilfov"
 ilfov_area_name: "Ilfov"
 ilfov_area_adj: "Ilfovian"
 dambovita_area: "Arges"
 dambovita_area_name: "Arges"
 dambovita_area_adj: "Argesian"
 dobruja_area: "Dobruja"
 dobruja_area_name: "Dobruja"
 dobruja_area_adj: "Dobrujan"
 soroca_area: "Soroca"
 soroca_area_name: "Soroca"
 soroca_area_adj: "Sorocan"
 barlad_area: "Barlad"
 barlad_area_name: "Barlad"
 barlad_area_adj: "Barladian"
 iasi_area: "Iasi"
 iasi_area_name: "Iasi"
 iasi_area_adj: "Iasian"
 adjud_area: "Adjud"
 adjud_area_name: "Adjud"
 adjud_area_adj: "Adjudian"
 bessarabia_area: "Bessarabia"
 bessarabia_area_name: "Bessarabia"
 bessarabia_area_adj: "Bessarabian"
 bukovina_area: "Bukovina"
 bukovina_area_name: "Bukovina"
 bukovina_area_adj: "Bukovinian"
 belgrade_area: "Macva"
 belgrade_area_name: "Macva"
 belgrade_area_adj: "Macvan"
 zlatibor_area: "Zlatibor"
 zlatibor_area_name: "Zlatibor"
 zlatibor_area_adj: "Zlatiborian"
 branicevo_area: "Branicevo"
 branicevo_area_name: "Branicevo"
 branicevo_area_adj: "Branicevan"
 rashka_area: "Rashka"
 rashka_area_name: "Rashka"
 rashka_area_adj: "Rashkan"
 kosovo_area: "Kosovo"
 kosovo_area_name: "Kosovo"
 kosovo_area_adj: "Kosovan"
 nis_area: "Niš"
 nis_area_name: "Niš"
 nis_area_adj: "Nissian"
 vidin_area: "Vidin"
 vidin_area_name: "Vidin"
 vidin_area_adj: "Vidinian"
 sophia_area: "Sofia"
 sophia_area_name: "Sofia"
 sophia_area_adj: "Sofian"
 plovdiv_area: "Plovdiv"
 plovdiv_area_name: "Plovdiv"
 plovdiv_area_adj: "Plovdivian"
 kran_area: "Kran"
 kran_area_name: "Kran"
 kran_area_adj: "Kranian"
 zagore_area: "Zagore"
 zagore_area_name: "Zagore"
 zagore_area_adj: "Zagorean"
 sozopol_area: "Sozopol"
 sozopol_area_name: "Sozopol"
 sozopol_area_adj: "Sozopolian"
 silistra_area: "Silistra"
 silistra_area_name: "Silistra"
 silistra_area_adj: "Silistran"
 tarnovo_area: "Tarnovo"
 tarnovo_area_name: "Tarnovo"
 tarnovo_area_adj: "Tarnovan"
 sacz_area: "Sacz"
 sacz_area_name: "Sacz"
 sacz_area_adj: "Saczian"
 krakow_area: "Kraków"
 krakow_area_name: "Kraków"
 krakow_area_adj: "Krakówian"
 radom_area: "Radom"
 radom_area_name: "Radom"
 radom_area_adj: "Radomian"
 sandomierz_area: "Sandomierz"
 sandomierz_area_name: "Sandomierz"
 sandomierz_area_adj: "Sandomierzian"
 lublin_area: "Lublin"
 lublin_area_name: "Lublin"
 lublin_area_adj: "Lublinian"
 warsaw_area: "Warszawa"
 warsaw_area_name: "Warszawa"
 warsaw_area_adj: "Warszawan"
 dobrzyn_area: "Dobrzyn"
 dobrzyn_area_name: "Dobrzyn"
 dobrzyn_area_adj: "Dobrzynian"
 wizna_area: "Wizna"
 wizna_area_name: "Wizna"
 wizna_area_adj: "Wiznian"
 hebrides_area: "Hebrides"
 hebrides_area_name: "Hebrides"
 hebrides_area_adj: "Hebridian"
 nur_area: "Nur"
 nur_area_name: "Nur"
 nur_area_adj: "Nurian"
 leczyca_area: "Leczyca"
 leczyca_area_name: "Leczyca"
 leczyca_area_adj: "Leczycan"
 sieradz_area: "Sieradz"
 sieradz_area_name: "Sieradz"
 sieradz_area_adj: "Sieradzian"
 czarnkow_area: "Czarnków"
 czarnkow_area_name: "Czarnków"
 czarnkow_area_adj: "Czarnkówian"
 gniezno_area: "Gniezno"
 gniezno_area_name: "Gniezno"
 gniezno_area_adj: "Gnieznoan"
 posen_area: "Poznan"
 posen_area_name: "Poznan"
 posen_area_adj: "Poznanian"
 nagyatad_area: "Somogy"
 nagyatad_area_name: "Somogy"
 nagyatad_area_adj: "Somogian"
 sopron_area: "Sopron"
 sopron_area_name: "Sopron"
 sopron_area_adj: "Sopronian"
 veszprem_area: "Veszprem"
 veszprem_area_name: "Veszprem"
 veszprem_area_adj: "Veszpremian"
 fejer_area: "Fejér"
 fejer_area_name: "Fejér"
 fejer_area_adj: "Fejérian"
 pest_area: "Pest"
 pest_area_name: "Pest"
 pest_area_adj: "Pestian"
 kiskun_area: "Kiskun"
 kiskun_area_name: "Kiskun"
 kiskun_area_adj: "Kiskunian"
 nyitra_area: "Pozsony"
 nyitra_area_name: "Pozsony"
 nyitra_area_adj: "Pozsonian"
 trencsin_area: "Trencsén"
 trencsin_area_name: "Trencsén"
 trencsin_area_adj: "Trencsénian"
 hont_area: "Nyitra"
 hont_area_name: "Nyitra"
 hont_area_adj: "Nyitran"
 abauj_area: "Abaúj"
 abauj_area_name: "Abaúj"
 abauj_area_adj: "Abaújian"
 zemplen_area: "Szepes"
 zemplen_area_name: "Szepes"
 zemplen_area_adj: "Szepesian"
 maramaros_area: "Máramaros"
 maramaros_area_name: "Máramaros"
 maramaros_area_adj: "Máramarosian"
 szabolcs_area: "Szabolcs"
 szabolcs_area_name: "Szabolcs"
 szabolcs_area_adj: "Szabolcsian"
 heves_area: "Heves"
 heves_area_name: "Heves"
 heves_area_adj: "Hevesian"
 severin_area: "Severin"
 severin_area_name: "Severin"
 severin_area_adj: "Severinian"
 torontal_area: "Torontál"
 torontal_area_name: "Torontál"
 torontal_area_adj: "Torontálian"
 bihar_area: "Bihar"
 bihar_area_name: "Bihar"
 bihar_area_adj: "Biharian"
 bekes_area: "Békés"
 bekes_area_name: "Békés"
 bekes_area_adj: "Békésian"
 haromszek_area: "Háromszék"
 haromszek_area_name: "Háromszék"
 haromszek_area_adj: "Háromszékian"
 kukullo_area: "Küküllo"
 kukullo_area_name: "Küküllo"
 kukullo_area_adj: "Kükülloan"
 hunyad_area: "Hunyad"
 hunyad_area_name: "Hunyad"
 hunyad_area_adj: "Hunyadian"
 szatmar_area: "Szatmár"
 szatmar_area_name: "Szatmár"
 szatmar_area_adj: "Szatmárian"
 torda_area: "Torda"
 torda_area_name: "Torda"
 torda_area_adj: "Tordian"
 bacs_area: "Bacs"
 bacs_area_name: "Bacs"
 bacs_area_adj: "Bacsian"
#Seas
 sea_of_azov_area: "Sea of Azov"
 gulf_of_finland_area: "Gulf of Finland"
 libyan_sea_area: "Libyan Sea"
 baltic_sea_area: "Baltic Sea"
 kattegat_sea_area: "Kattegat"
 north_sea_area: "North Sea"
 english_sea_area: "English Channel"
 celtic_sea_area: "Celtic Sea"
 northatl_sea_area: "North Atlantic"
 biscay_sea_area: "Bay of Biscay"
 southatl_sea_area: "Central Atlantic"
 westernmed_sea_area: "Western Mediterranean"
 tyrrhenian_sea_area: "Tyrrhenian Sea"
 ionian_sea_area: "Ionian Sea" 
 adriatic_sea_area: "Adriatic Sea"
 aegean_sea_area: "Aegean Sea"
 black_sea_area: "Black Sea"
 mediterranean_region: "Mediterranean"
 baltic_sea_region: "Baltic Sea"
 atlantic_region: "Atlantic"